applicationID,householdID,registryID,state,enterStateDate,BeforeSettlePlaceType,AfterMoveOutPlaceType
1,608,883,Move_Out,2010-05-29,Own_House,Family_House
2,1000,887,Awaiting,2003-09-23,Prison,Family_House
3,876,541,Awaiting,1990-11-11,Friend_House,Friend_House
4,220,489,Awaiting,2014-10-30,Friend_House,Own_House
5,40,688,Move_Out,2005-04-13,None,Family_House
6,141,333,Allocated_Living,1990-06-22,None,Own_House
7,565,754,Allocated_Living,1999-03-26,Family_House,Friend_House
8,974,315,Allocated_Living,1992-01-15,Friend_House,Own_House
9,321,642,Aftercare,2008-08-11,Friend_House,Own_House
10,221,91,Awaiting,1990-01-09,Family_House,Friend_House
11,322,731,Awaiting,1997-05-04,None,Prison
12,465,873,Allocated_Living,1990-05-06,Friend_House,Family_House
13,41,656,Awaiting,2000-09-04,None,None
14,709,679,Allocated_Living,1998-01-28,Friend_House,None
15,142,972,Allocated_Living,2009-12-16,Family_House,Family_House
16,877,817,Awaiting,2021-10-03,Friend_House,Friend_House
17,566,749,Awaiting,1998-05-10,Friend_House,Prison
18,609,416,Aftercare,2023-04-27,Friend_House,None
19,42,825,Move_Out,1998-11-30,Own_House,Own_House
20,710,397,Awaiting,2023-02-28,Own_House,Friend_House
21,975,801,Move_Out,2010-05-28,None,Family_House
22,610,7,Move_Out,1992-01-07,Own_House,None
23,466,932,Awaiting,2011-08-23,Family_House,Own_House
24,143,471,Move_Out,2012-09-24,Friend_House,Own_House
25,711,795,Allocated_Living,1990-06-24,None,Friend_House
26,43,930,Allocated_Living,2014-02-28,None,Own_House
27,878,549,Move_Out,2006-11-11,None,Friend_House
28,144,531,Allocated_Living,2004-11-06,None,Own_House
29,567,232,Move_Out,2022-10-20,Family_House,Own_House
30,222,37,Allocated_Living,2011-06-11,None,None
31,323,932,Awaiting,1991-11-28,Family_House,None
32,223,419,Allocated_Living,2023-07-08,Friend_House,Own_House
33,324,438,Allocated_Living,2007-10-22,Own_House,Family_House
34,611,981,Awaiting,2007-10-31,None,Friend_House
35,976,475,Awaiting,1991-09-23,None,Family_House
36,44,792,Awaiting,1990-01-02,Prison,Prison
37,145,454,Allocated_Living,1990-01-02,None,Friend_House
38,712,337,Move_Out,2014-10-05,None,Own_House
39,612,624,Allocated_Living,2020-02-23,None,Friend_House
40,713,943,Allocated_Living,2023-01-08,None,Own_House
41,224,344,Allocated_Living,2001-11-06,Friend_House,Family_House
42,613,444,Aftercare,1994-05-06,Own_House,None
43,467,525,Allocated_Living,1998-01-07,Friend_House,Prison
44,45,150,Awaiting,2002-10-26,Family_House,Own_House
45,879,900,Awaiting,1990-01-11,None,Family_House
46,146,480,Move_Out,2002-11-30,None,Friend_House
47,325,258,Awaiting,2008-12-20,Family_House,None
48,225,787,Allocated_Living,2008-03-03,Friend_House,Family_House
49,326,279,Aftercare,2022-04-28,Friend_House,Own_House
50,226,74,Awaiting,2020-07-13,Family_House,Own_House
51,46,616,Awaiting,1998-03-11,Own_House,Prison
52,147,615,Awaiting,1990-01-10,Friend_House,Prison
53,568,57,Awaiting,1996-01-15,Friend_House,Friend_House
54,714,89,Awaiting,1990-03-17,None,Family_House
55,977,62,Move_Out,1991-08-10,Prison,Friend_House
56,327,152,Awaiting,2005-03-15,Prison,Friend_House
57,227,767,Move_Out,2017-10-19,None,Family_House
58,47,867,Allocated_Living,1990-10-26,None,Family_House
59,468,792,Move_Out,1990-01-02,None,Family_House
60,614,624,Awaiting,1996-04-05,Own_House,Own_House
61,148,786,Move_Out,1999-10-08,Family_House,Own_House
62,328,178,Move_Out,1996-09-12,Friend_House,Family_House
63,569,583,Allocated_Living,1996-02-12,Own_House,None
64,880,586,Awaiting,2007-01-13,None,Family_House
65,978,115,Awaiting,1990-01-10,None,None
66,48,37,Allocated_Living,2004-07-01,Family_House,Friend_House
67,149,720,Awaiting,2002-09-13,Family_House,None
68,228,253,Aftercare,1990-02-21,None,Prison
69,881,962,Awaiting,2004-03-17,Friend_House,Own_House
70,979,332,Allocated_Living,1996-05-27,Own_House,Family_House
71,715,105,Awaiting,2022-08-07,None,Prison
72,882,23,Awaiting,1992-02-20,Friend_House,Friend_House
73,49,352,Awaiting,1990-03-04,Friend_House,Own_House
74,469,339,Awaiting,2014-03-04,Friend_House,None
75,570,642,Move_Out,2021-03-25,None,Own_House
76,150,198,Aftercare,2023-02-17,Friend_House,Family_House
77,329,950,Awaiting,1992-06-27,Friend_House,None
78,229,998,Awaiting,1990-10-09,Prison,Prison
79,330,598,Allocated_Living,2009-12-07,Friend_House,Friend_House
80,470,626,Allocated_Living,1998-01-19,Family_House,Prison
81,980,489,Allocated_Living,1992-09-05,Friend_House,Own_House
82,571,941,Awaiting,2017-06-17,Own_House,Own_House
83,883,992,Allocated_Living,2023-07-19,Family_House,Friend_House
84,50,294,Allocated_Living,2016-09-10,Own_House,None
85,230,56,Awaiting,1994-02-24,Friend_House,Friend_House
86,331,245,Move_Out,2007-07-30,None,None
87,615,473,Awaiting,1990-01-09,Prison,Family_House
88,716,146,Awaiting,2006-09-15,Friend_House,Own_House
89,981,119,Awaiting,2006-07-24,None,Own_House
90,616,45,Awaiting,2022-02-24,None,Friend_House
91,884,741,Awaiting,1999-05-30,Family_House,Family_House
92,151,804,Awaiting,2017-01-11,None,Own_House
93,231,487,Awaiting,2002-03-23,Own_House,Family_House
94,51,592,Allocated_Living,1992-01-18,None,Family_House
95,471,484,Move_Out,1990-01-06,Friend_House,None
96,982,291,Move_Out,2004-11-29,None,Prison
97,332,232,Awaiting,2022-05-04,None,None
98,572,214,Awaiting,1990-01-03,None,Family_House
99,232,603,Awaiting,2014-09-24,Family_House,Own_House
100,717,162,Allocated_Living,2018-12-05,None,Family_House
101,152,749,Allocated_Living,2008-12-13,Family_House,Friend_House
102,52,682,Awaiting,1990-02-15,Friend_House,None
103,472,400,Awaiting,2023-02-13,None,Own_House
104,333,557,Allocated_Living,2003-12-27,Family_House,Friend_House
105,617,660,Aftercare,1991-11-16,Friend_House,Own_House
106,233,93,Aftercare,1992-08-06,Friend_House,Own_House
107,885,625,Awaiting,2000-07-22,None,None
108,153,984,Awaiting,2015-12-24,Prison,Friend_House
109,334,421,Awaiting,2010-08-03,None,Own_House
110,718,357,Move_Out,1990-01-19,Friend_House,Own_House
111,53,221,Aftercare,2010-08-27,Friend_House,Friend_House
112,983,241,Allocated_Living,2018-03-02,None,Family_House
113,886,819,Move_Out,1990-06-23,Family_House,Friend_House
114,154,617,Awaiting,2018-08-23,Friend_House,Family_House
115,984,507,Allocated_Living,1990-03-22,Friend_House,None
116,573,163,Allocated_Living,2003-11-03,Own_House,Prison
117,473,422,Awaiting,2006-03-11,Own_House,Friend_House
118,234,573,Awaiting,2004-07-17,Own_House,Prison
119,618,164,Awaiting,1990-01-16,Family_House,Family_House
120,719,264,Awaiting,2015-03-07,Prison,None
121,574,186,Allocated_Living,1994-03-10,Family_House,Own_House
122,474,195,Move_Out,1992-03-03,None,Friend_House
123,335,772,Allocated_Living,2020-03-24,None,None
124,54,186,Move_Out,2009-02-27,Friend_House,Own_House
125,155,520,Awaiting,1990-07-19,None,Prison
126,575,25,Awaiting,1992-04-13,Prison,Family_House
127,619,855,Awaiting,1999-07-07,Family_House,Own_House
128,55,542,Allocated_Living,2004-03-14,None,Family_House
129,156,856,Allocated_Living,2013-06-13,None,Own_House
130,720,834,Aftercare,2023-06-04,None,Own_House
131,887,421,Allocated_Living,2013-08-31,Friend_House,Family_House
132,620,84,Move_Out,1990-08-13,None,Own_House
133,56,771,Awaiting,2003-02-01,None,Friend_House
134,475,484,Awaiting,1995-10-27,None,Own_House
135,576,433,Awaiting,1993-01-28,None,Own_House
136,721,798,Allocated_Living,2020-08-29,Prison,Own_House
137,157,960,Move_Out,2015-03-21,Own_House,Own_House
138,476,587,Awaiting,1998-12-15,Prison,None
139,577,417,Allocated_Living,1994-04-08,None,Friend_House
140,985,34,Awaiting,2018-08-10,Prison,Family_House
141,477,710,Move_Out,1996-02-15,None,Prison
142,621,949,Awaiting,2001-11-15,None,Family_House
143,235,996,Awaiting,2021-05-19,Friend_House,Friend_House
144,336,308,Allocated_Living,2010-07-14,Family_House,None
145,722,601,Awaiting,2018-05-18,Friend_House,Prison
146,888,250,Allocated_Living,1990-01-10,None,None
147,236,741,Awaiting,2017-02-02,Friend_House,Family_House
148,337,153,Aftercare,2001-06-17,None,Own_House
149,57,741,Awaiting,2018-07-28,Friend_House,Family_House
150,986,167,Awaiting,2006-05-29,Family_House,None
151,237,441,Allocated_Living,1990-01-26,None,Own_House
152,889,408,Awaiting,1990-05-08,None,None
153,987,137,Aftercare,1996-11-12,Friend_House,Friend_House
154,622,359,Move_Out,2016-01-10,Family_House,Own_House
155,338,531,Awaiting,2017-12-29,Friend_House,Own_House
156,723,527,Move_Out,1990-02-22,Friend_House,Own_House
157,623,497,Allocated_Living,1990-01-10,None,None
158,238,122,Allocated_Living,1990-01-02,Friend_House,Family_House
159,339,60,Awaiting,2017-11-12,Friend_House,Friend_House
160,158,879,Allocated_Living,1991-12-06,Friend_House,Own_House
161,724,329,Allocated_Living,2009-02-22,Own_House,Prison
162,624,571,Awaiting,2016-03-27,Family_House,Own_House
163,890,535,Awaiting,1994-10-25,Prison,Family_House
164,578,300,Awaiting,1998-12-19,Family_House,Own_House
165,988,213,Awaiting,1994-02-17,Prison,Family_House
166,239,375,Awaiting,2008-07-24,None,Own_House
167,891,296,Allocated_Living,2011-04-21,None,Friend_House
168,340,101,Allocated_Living,1990-03-24,Friend_House,Family_House
169,478,547,Awaiting,2010-08-29,Friend_House,Own_House
170,58,378,Awaiting,2015-10-22,Friend_House,Family_House
171,579,489,Allocated_Living,1992-04-10,Prison,Friend_House
172,159,223,Move_Out,2016-06-01,Prison,Friend_House
173,725,465,Allocated_Living,1994-12-25,Friend_House,Own_House
174,625,946,Awaiting,2010-12-13,Family_House,None
175,59,377,Allocated_Living,2001-06-21,Own_House,None
176,726,170,Awaiting,1993-10-25,Family_House,Family_House
177,160,750,Move_Out,1996-01-07,Friend_House,None
178,60,710,Awaiting,2008-05-21,Friend_House,Own_House
179,479,150,Allocated_Living,2000-05-14,Prison,Own_House
180,240,603,Allocated_Living,1990-02-02,None,Own_House
181,341,912,Aftercare,1996-08-06,Friend_House,Own_House
182,580,425,Awaiting,1998-12-23,Friend_House,Own_House
183,989,160,Allocated_Living,2015-07-02,Family_House,Prison
184,161,863,Awaiting,2015-11-12,None,Own_House
185,241,369,Awaiting,2015-01-20,None,Friend_House
186,892,570,Allocated_Living,1992-07-22,None,Friend_House
187,626,636,Move_Out,1994-10-07,Family_House,Family_House
188,342,836,Awaiting,2013-08-13,Friend_House,Family_House
189,242,951,Awaiting,1990-03-04,Friend_House,Friend_House
190,727,41,Awaiting,1990-03-10,Friend_House,Prison
191,61,828,Aftercare,2008-05-06,Own_House,Own_House
192,627,197,Awaiting,2020-05-01,None,Own_House
193,343,664,Aftercare,2002-01-16,Friend_House,Own_House
194,480,618,Move_Out,1998-04-13,Family_House,Family_House
195,243,45,Allocated_Living,1990-01-05,None,Family_House
196,728,701,Awaiting,1990-04-11,None,Family_House
197,628,193,Allocated_Living,2005-08-14,None,Prison
198,729,143,Allocated_Living,1995-09-03,Own_House,Family_House
199,581,401,Awaiting,2000-01-25,Family_House,Own_House
200,344,216,Awaiting,2001-03-17,None,Family_House
201,990,995,Awaiting,2008-11-24,None,Own_House
202,893,349,Allocated_Living,2004-01-09,Own_House,None
203,629,418,Move_Out,1991-08-21,Own_House,Family_House
204,162,908,Aftercare,2001-08-07,None,None
205,244,59,Allocated_Living,1990-01-04,Family_House,Own_House
206,345,783,Move_Out,2010-08-05,None,Own_House
207,245,323,Awaiting,2013-01-11,Friend_House,Family_House
208,62,601,Aftercare,1999-07-29,Family_House,None
209,481,598,Awaiting,1990-02-15,Own_House,Own_House
210,582,895,Allocated_Living,1990-01-10,Own_House,Friend_House
211,730,512,Awaiting,2002-08-23,None,Own_House
212,482,202,Allocated_Living,2015-08-04,Family_House,None
213,991,796,Awaiting,1990-03-21,Friend_House,Own_House
214,894,59,Allocated_Living,2014-05-06,Friend_House,Family_House
215,630,798,Allocated_Living,1990-04-06,None,Own_House
216,346,326,Awaiting,1990-01-08,None,None
217,992,150,Move_Out,1999-07-27,None,Own_House
218,895,137,Awaiting,1998-01-18,Family_House,Family_House
219,246,126,Awaiting,2022-02-26,Family_House,Family_House
220,993,268,Allocated_Living,1990-01-06,Family_House,Family_House
221,731,854,Awaiting,2007-09-22,Family_House,None
222,583,250,Awaiting,2012-01-31,Friend_House,Own_House
223,163,658,Awaiting,1996-06-17,Prison,None
224,896,503,Aftercare,2023-02-23,Own_House,Own_House
225,994,286,Awaiting,2011-05-15,Family_House,Own_House
226,897,807,Awaiting,1990-01-20,Family_House,Own_House
227,631,409,Move_Out,2005-07-11,Friend_House,Family_House
228,347,263,Move_Out,1990-03-31,Own_House,Family_House
229,483,40,Awaiting,2003-06-28,Friend_House,Own_House
230,584,816,Awaiting,2019-09-09,Friend_House,Own_House
231,63,682,Move_Out,2005-06-24,Family_House,Family_House
232,247,349,Awaiting,2017-12-14,Family_House,Family_House
233,732,681,Allocated_Living,2012-04-29,Prison,Family_House
234,164,792,Awaiting,1999-10-21,Own_House,Friend_House
235,348,595,Allocated_Living,2008-08-23,Own_House,None
236,248,982,Awaiting,1990-01-03,Friend_House,Own_House
237,995,675,Allocated_Living,2014-10-14,Friend_House,Own_House
238,898,334,Allocated_Living,2003-09-02,Family_House,Own_House
239,632,988,Move_Out,1990-01-01,Friend_House,Own_House
240,64,642,Allocated_Living,2005-06-18,Prison,Own_House
241,733,850,Awaiting,2013-09-10,Family_House,Own_House
242,484,459,Move_Out,2019-11-17,Prison,Family_House
243,996,818,Aftercare,2010-07-31,Family_House,Own_House
244,633,829,Allocated_Living,1992-08-22,Own_House,None
245,165,357,Awaiting,1993-03-02,Friend_House,Friend_House
246,585,905,Awaiting,2018-05-03,None,Family_House
247,734,506,Awaiting,2003-07-28,Family_House,Own_House
248,349,369,Awaiting,2017-04-19,None,Own_House
249,899,652,Awaiting,1990-10-13,Family_House,Own_House
250,65,998,Awaiting,1992-01-18,Own_House,Friend_House
251,997,267,Allocated_Living,1990-01-10,None,Own_House
252,634,374,Allocated_Living,1990-03-09,None,Family_House
253,485,406,Allocated_Living,2005-10-21,None,None
254,586,783,Aftercare,1999-10-17,None,Friend_House
255,735,601,Aftercare,2020-04-27,Friend_House,Family_House
256,249,698,Allocated_Living,1991-09-18,Family_House,Friend_House
257,900,417,Awaiting,2005-04-24,Own_House,Prison
258,635,306,Move_Out,1992-02-01,None,Own_House
259,166,188,Move_Out,2021-08-02,None,Friend_House
260,486,406,Awaiting,2017-10-09,None,Family_House
261,587,1,Aftercare,1998-02-19,Family_House,Friend_House
262,66,528,Allocated_Living,2017-10-09,Family_House,Prison
263,736,176,Allocated_Living,1999-09-01,None,Family_House
264,998,315,Awaiting,1990-01-07,None,Prison
265,487,695,Move_Out,2005-08-18,None,Own_House
266,588,404,Aftercare,1990-03-18,None,Family_House
267,901,370,Aftercare,2010-05-25,Family_House,Own_House
268,636,335,Move_Out,1995-03-05,Family_House,Family_House
269,737,627,Awaiting,2010-08-24,Family_House,Friend_House
270,350,669,Awaiting,1990-03-26,Friend_House,Prison
271,488,828,Allocated_Living,1991-09-22,Own_House,Family_House
272,999,407,Awaiting,1993-07-08,None,Own_House
273,167,749,Awaiting,1999-06-06,None,Own_House
274,67,245,Allocated_Living,2010-11-07,Family_House,Own_House
275,250,196,Awaiting,1990-01-07,Own_House,Family_House
276,168,667,Awaiting,1990-04-06,Family_House,Own_House
277,637,669,Awaiting,2013-01-19,Family_House,Own_House
278,589,83,Move_Out,2006-01-28,None,None
279,738,252,Move_Out,2001-08-20,None,Family_House
280,489,477,Allocated_Living,1991-03-21,Friend_House,Family_House
281,351,138,Awaiting,1996-11-08,Prison,Own_House
282,590,960,Allocated_Living,2009-05-17,Friend_House,Own_House
283,490,860,Allocated_Living,1993-02-28,None,Family_House
284,251,918,Aftercare,1993-03-07,Family_House,Family_House
285,638,230,Allocated_Living,2010-06-07,None,None
286,352,59,Awaiting,1991-08-21,None,None
287,739,811,Allocated_Living,2007-05-01,Friend_House,Family_House
288,68,91,Allocated_Living,1991-04-23,Prison,Friend_House
289,591,360,Awaiting,1997-04-03,Friend_House,Own_House
290,169,847,Move_Out,2004-06-13,None,Own_House
291,491,710,Awaiting,2008-05-09,Family_House,Own_House
292,69,172,Move_Out,2023-07-24,Friend_House,Own_House
293,639,989,Move_Out,2014-08-02,None,Own_House
294,252,336,Allocated_Living,1990-02-20,Friend_House,Family_House
295,740,316,Allocated_Living,1998-09-14,None,Family_House
296,592,813,Allocated_Living,1996-10-06,None,Own_House
297,902,135,Awaiting,1992-03-06,Family_House,Friend_House
298,170,889,Move_Out,1991-02-26,Friend_House,Own_House
299,353,189,Move_Out,2006-04-14,Family_House,Friend_House
300,640,763,Awaiting,1992-12-18,None,Own_House
301,492,300,Allocated_Living,2014-06-23,Friend_House,Own_House
302,805,777,Allocated_Living,2005-05-15,Prison,Family_House
303,741,901,Awaiting,2007-11-05,Friend_House,Family_House
304,593,518,Move_Out,2016-11-20,None,Own_House
305,641,880,Aftercare,2004-08-31,None,Own_House
306,903,978,Awaiting,2003-10-28,Prison,Own_House
307,493,271,Awaiting,2014-05-21,None,Own_House
308,594,9,Aftercare,2013-12-31,Friend_House,None
309,253,640,Move_Out,2019-03-30,None,Own_House
310,742,683,Allocated_Living,2007-07-31,Family_House,Own_House
311,642,124,Awaiting,1996-10-23,Prison,Family_House
312,494,561,Awaiting,2023-10-08,Family_House,Own_House
313,806,441,Aftercare,2003-04-20,Family_House,Family_House
314,743,32,Awaiting,2002-10-17,Own_House,Own_House
315,354,848,Awaiting,1995-07-04,None,Own_House
316,904,372,Awaiting,2007-07-22,None,Family_House
317,643,757,Awaiting,1990-12-29,Friend_House,Family_House
318,254,215,Allocated_Living,1990-01-07,Friend_House,Own_House
319,355,571,Awaiting,2010-04-27,None,Own_House
320,70,458,Move_Out,2012-09-06,Own_House,Own_House
321,744,601,Awaiting,1990-04-04,Own_House,Own_House
322,807,172,Awaiting,1990-01-05,Family_House,Own_House
323,255,530,Allocated_Living,2014-03-06,None,Own_House
324,595,665,Awaiting,2003-01-25,Friend_House,Family_House
325,644,872,Awaiting,2006-08-11,Own_House,Friend_House
326,356,935,Allocated_Living,2006-01-11,None,Own_House
327,171,588,Awaiting,1991-10-02,None,Friend_House
328,905,630,Allocated_Living,1990-03-20,Friend_House,Friend_House
329,495,411,Awaiting,2015-02-24,Friend_House,Own_House
330,745,222,Awaiting,2014-03-29,Own_House,Family_House
331,256,963,Awaiting,2021-04-13,Prison,Family_House
332,645,217,Allocated_Living,2023-05-28,None,None
333,357,357,Awaiting,1990-01-04,Friend_House,Own_House
334,71,606,Move_Out,1997-10-16,None,Family_House
335,808,428,Awaiting,1991-11-19,None,Own_House
336,257,944,Allocated_Living,1990-01-04,Prison,Family_House
337,906,129,Allocated_Living,2002-06-11,None,Family_House
338,809,363,Move_Out,2009-10-12,None,Own_House
339,746,959,Awaiting,1993-10-28,Family_House,Own_House
340,646,55,Awaiting,2020-12-27,None,Family_House
341,747,97,Allocated_Living,1994-01-22,None,Friend_House
342,358,250,Allocated_Living,2014-05-25,None,Family_House
343,647,244,Aftercare,2011-02-21,Family_House,Family_House
344,907,705,Allocated_Living,2000-06-07,Family_House,Friend_House
345,258,419,Allocated_Living,2004-09-29,None,Family_House
346,172,823,Allocated_Living,2011-02-25,Prison,Own_House
347,72,155,Aftercare,2009-07-21,Own_House,Own_House
348,173,458,Allocated_Living,1999-04-28,Friend_House,Own_House
349,73,606,Awaiting,2021-09-18,Friend_House,Own_House
350,748,400,Awaiting,1993-11-01,None,Own_House
351,810,719,Allocated_Living,2013-01-23,Friend_House,Family_House
352,596,513,Allocated_Living,1990-01-23,None,Family_House
353,648,175,Awaiting,1999-03-25,Friend_House,Own_House
354,174,609,Aftercare,2002-03-26,Own_House,Family_House
355,908,694,Allocated_Living,2006-08-27,None,Friend_House
356,749,66,Awaiting,1999-03-21,Family_House,Friend_House
357,649,380,Aftercare,1991-10-04,Family_House,Own_House
358,74,167,Allocated_Living,1991-01-23,Prison,Own_House
359,750,337,Awaiting,2017-04-04,None,Own_House
360,359,377,Awaiting,2011-07-14,Family_House,Friend_House
361,650,931,Awaiting,2004-11-01,Own_House,Own_House
362,751,376,Move_Out,2009-06-05,Family_House,Own_House
363,811,438,Aftercare,1994-05-24,Own_House,Family_House
364,496,637,Awaiting,1999-09-17,None,Family_House
365,259,447,Allocated_Living,1990-03-16,Family_House,Friend_House
366,175,869,Move_Out,1993-10-12,Family_House,Friend_House
367,75,911,Awaiting,1997-04-21,None,None
368,909,850,Awaiting,1998-05-05,Family_House,Own_House
369,812,787,Move_Out,2009-07-24,Family_House,Family_House
370,176,294,Allocated_Living,2009-11-09,None,Friend_House
371,76,98,Allocated_Living,2017-02-17,None,None
372,651,608,Awaiting,1991-10-30,Friend_House,Own_House
373,597,107,Allocated_Living,1990-11-30,Family_House,Prison
374,497,962,Awaiting,1990-03-03,Family_House,Own_House
375,360,265,Awaiting,2005-10-30,Family_House,Own_House
376,598,575,Move_Out,2017-10-04,Family_House,Friend_House
377,177,664,Awaiting,1990-01-20,Prison,Family_House
378,498,512,Move_Out,1990-02-09,Friend_House,Family_House
379,260,846,Aftercare,2006-02-08,None,Own_House
380,752,186,Move_Out,2009-08-14,Own_House,Family_House
381,361,233,Move_Out,2023-01-20,Friend_House,None
382,77,540,Move_Out,2004-05-07,Family_House,Family_House
383,910,393,Awaiting,2012-04-29,None,Friend_House
384,813,871,Move_Out,1992-11-30,Friend_House,Own_House
385,652,292,Move_Out,2012-02-28,Friend_House,Prison
386,911,623,Awaiting,1990-05-01,Family_House,Friend_House
387,814,341,Awaiting,1990-01-07,Family_House,None
388,178,494,Awaiting,2022-09-06,Friend_House,Family_House
389,78,225,Awaiting,2017-10-28,Own_House,Family_House
390,261,44,Awaiting,1997-12-31,None,Family_House
391,753,999,Allocated_Living,1992-01-08,None,Own_House
392,912,194,Aftercare,2001-05-30,None,Own_House
393,179,882,Awaiting,1999-07-18,Family_House,Friend_House
394,599,994,Move_Out,2009-12-30,Prison,Own_House
395,79,732,Awaiting,1992-07-12,Friend_House,Own_House
396,180,757,Aftercare,2011-09-16,None,Family_House
397,362,162,Allocated_Living,1996-05-04,None,None
398,262,782,Allocated_Living,2017-03-03,Friend_House,Prison
399,499,994,Awaiting,1992-02-18,None,None
400,363,452,Move_Out,2001-04-29,Friend_House,Friend_House
401,815,350,Awaiting,1998-05-10,Family_House,Own_House
402,80,486,Move_Out,2004-07-14,None,Own_House
403,263,799,Allocated_Living,1998-08-26,Family_House,Family_House
404,913,780,Move_Out,2019-01-04,None,Own_House
405,653,140,Allocated_Living,1990-01-05,Own_House,Own_House
406,364,825,Awaiting,1999-04-30,Own_House,Own_House
407,816,705,Awaiting,1994-08-24,Friend_House,Family_House
408,264,525,Awaiting,1993-03-27,Family_House,Family_House
409,914,797,Move_Out,2000-07-19,None,Own_House
410,600,833,Move_Out,1996-03-31,Friend_House,Own_House
411,500,154,Awaiting,1990-11-19,Own_House,Own_House
412,181,802,Awaiting,1997-02-05,None,Family_House
413,817,737,Allocated_Living,2020-06-17,Family_House,Prison
414,81,134,Allocated_Living,2000-06-14,Friend_House,Friend_House
415,915,549,Awaiting,1990-01-02,None,None
416,754,94,Awaiting,2002-05-16,None,Friend_House
417,654,789,Allocated_Living,2023-03-07,Friend_House,Family_House
418,818,85,Awaiting,2014-11-19,Friend_House,Own_House
419,755,586,Allocated_Living,2011-10-25,Prison,Family_House
420,601,866,Awaiting,2018-12-21,Prison,None
421,365,749,Allocated_Living,1996-10-06,None,Friend_House
422,182,231,Awaiting,2002-02-16,Family_House,Own_House
423,655,268,Awaiting,2022-12-23,Own_House,Family_House
424,501,754,Move_Out,2008-10-07,Friend_House,Own_House
425,602,728,Move_Out,1994-05-31,Own_House,Own_House
426,82,365,Move_Out,1997-06-28,None,Family_House
427,502,875,Move_Out,1990-01-06,Family_House,Family_House
428,183,98,Move_Out,2012-12-24,Family_House,Family_House
429,603,498,Awaiting,2011-04-16,None,Prison
430,83,692,Awaiting,2003-02-23,None,None
431,184,726,Awaiting,2021-10-17,Friend_House,Friend_House
432,916,350,Allocated_Living,2023-01-06,Friend_House,Family_House
433,84,228,Move_Out,2014-08-21,Friend_House,Friend_House
434,819,947,Awaiting,1992-06-13,Own_House,Own_House
435,756,902,Allocated_Living,1994-07-19,None,Family_House
436,185,538,Awaiting,2004-04-19,None,Friend_House
437,656,18,Awaiting,2005-05-18,Prison,Prison
438,917,707,Awaiting,2009-01-13,Own_House,Family_House
439,265,606,Awaiting,2018-11-20,Friend_House,Prison
440,503,153,Awaiting,2010-09-18,Friend_House,Friend_House
441,820,689,Awaiting,2000-04-17,None,Own_House
442,403,82,Aftercare,1991-03-05,None,Own_House
443,366,710,Awaiting,2023-07-12,None,Own_House
444,757,296,Awaiting,2004-08-25,None,Family_House
445,657,403,Aftercare,1990-02-25,Friend_House,Own_House
446,504,224,Allocated_Living,2013-04-06,None,Friend_House
447,85,10,Awaiting,2008-10-11,None,Own_House
448,186,729,Move_Out,1995-12-15,None,Prison
449,404,952,Awaiting,1999-03-12,Family_House,Own_House
450,266,475,Move_Out,1990-05-12,None,Family_House
451,367,39,Allocated_Living,1997-03-19,Own_House,None
452,505,491,Awaiting,2023-09-18,Family_House,Family_House
453,405,66,Awaiting,1990-08-02,Friend_House,Own_House
454,918,761,Move_Out,2016-03-12,None,None
455,86,910,Awaiting,1990-04-04,Friend_House,None
456,821,575,Aftercare,1994-01-10,None,Friend_House
457,506,217,Move_Out,2018-04-05,None,Family_House
458,758,742,Move_Out,2009-03-01,None,Own_House
459,406,632,Aftercare,2005-03-29,Friend_House,Friend_House
460,507,77,Move_Out,1995-11-19,Own_House,Family_House
461,658,273,Allocated_Living,2005-03-04,None,Friend_House
462,759,347,Awaiting,2007-06-05,Family_House,Friend_House
463,919,196,Awaiting,2022-07-25,Friend_House,Family_House
464,659,577,Move_Out,2011-03-15,Own_House,Own_House
465,407,857,Allocated_Living,2010-12-22,None,Own_House
466,508,503,Awaiting,2000-01-25,None,Own_House
467,187,635,Awaiting,1990-03-23,Own_House,Friend_House
468,822,901,Allocated_Living,1990-02-28,Prison,Family_House
469,408,612,Awaiting,2020-10-30,None,Own_House
470,920,711,Awaiting,1992-07-28,Prison,Own_House
471,87,781,Awaiting,2005-12-15,None,Friend_House
472,823,946,Awaiting,1990-02-02,Family_House,None
473,760,729,Aftercare,1990-01-08,Own_House,Own_House
474,267,117,Awaiting,2008-03-12,Friend_House,None
475,509,643,Move_Out,2015-12-07,Own_House,Family_House
476,660,423,Allocated_Living,1990-01-11,None,Family_House
477,761,405,Awaiting,2004-04-21,None,None
478,188,256,Allocated_Living,2000-12-28,Friend_House,Own_House
479,661,580,Move_Out,2006-10-23,Prison,Friend_House
480,921,832,Awaiting,1990-01-03,Own_House,Family_House
481,88,338,Allocated_Living,2002-01-23,Family_House,Own_House
482,409,308,Aftercare,1992-02-07,None,Family_House
483,510,911,Allocated_Living,1998-02-16,None,Own_House
484,189,685,Awaiting,2016-12-03,None,Own_House
485,824,816,Allocated_Living,1999-08-28,Friend_House,None
486,762,245,Move_Out,2015-05-04,Own_House,Own_House
487,410,48,Allocated_Living,2015-04-03,None,Own_House
488,368,537,Awaiting,2009-09-09,None,Friend_House
489,662,534,Awaiting,2007-05-12,Friend_House,Own_House
490,763,701,Allocated_Living,1993-09-04,None,Friend_House
491,663,264,Awaiting,2020-04-05,Own_House,Own_House
492,922,360,Awaiting,2009-05-03,Family_House,Family_House
493,268,424,Awaiting,1991-02-03,None,Family_House
494,825,302,Awaiting,2016-06-26,Family_House,Own_House
495,764,129,Move_Out,1991-06-23,None,Prison
496,369,82,Awaiting,1998-01-22,None,Own_House
497,664,850,Aftercare,1993-06-15,Friend_House,Family_House
498,511,800,Awaiting,2007-06-29,Friend_House,Own_House
499,269,582,Move_Out,1997-03-24,None,Own_House
500,370,372,Allocated_Living,2002-07-05,None,None
501,411,828,Awaiting,1994-07-25,None,None
502,89,865,Move_Out,1990-01-07,None,Friend_House
503,765,185,Move_Out,1997-10-13,None,Family_House
504,665,655,Move_Out,2011-05-22,Family_House,Own_House
505,270,414,Allocated_Living,2012-09-20,Prison,Friend_House
506,512,52,Awaiting,2022-05-23,None,None
507,766,242,Allocated_Living,1990-01-26,Own_House,Own_House
508,190,542,Awaiting,1994-11-12,None,Own_House
509,371,748,Move_Out,1990-01-11,None,Own_House
510,412,97,Allocated_Living,2008-04-27,None,Own_House
511,90,972,Move_Out,2010-10-08,Family_House,Friend_House
512,271,959,Awaiting,2002-01-24,Own_House,Own_House
513,923,543,Move_Out,1995-02-14,None,Family_House
514,666,352,Allocated_Living,2015-12-03,Family_House,Own_House
515,372,573,Awaiting,1996-06-15,None,Family_House
516,272,118,Allocated_Living,2018-03-20,Family_House,Own_House
517,373,839,Allocated_Living,1990-03-30,Family_House,Family_House
518,767,881,Move_Out,2015-04-30,Friend_House,Own_House
519,826,226,Awaiting,2014-09-07,None,Own_House
520,667,720,Move_Out,2021-08-02,None,Own_House
521,924,282,Aftercare,2004-12-30,None,Own_House
522,827,548,Awaiting,1999-08-26,Friend_House,Prison
523,191,118,Awaiting,1990-02-27,Friend_House,Own_House
524,768,272,Allocated_Living,2014-01-16,None,Family_House
525,273,685,Awaiting,1990-01-21,None,None
526,91,148,Move_Out,1993-02-23,Friend_House,Own_House
527,513,55,Allocated_Living,2001-03-14,None,Own_House
528,925,420,Allocated_Living,2001-09-16,None,None
529,413,257,Awaiting,1990-02-14,None,Friend_House
530,374,208,Move_Out,2017-05-21,Friend_House,Own_House
531,192,576,Move_Out,2005-02-27,Friend_House,None
532,274,8,Allocated_Living,1990-11-20,Own_House,Friend_House
533,828,151,Aftercare,2003-11-29,None,None
534,514,877,Awaiting,2012-06-23,Own_House,Friend_House
535,414,568,Move_Out,1993-04-17,Family_House,Family_House
536,926,279,Move_Out,2021-09-09,None,Own_House
537,829,903,Awaiting,2013-12-06,None,Friend_House
538,668,621,Allocated_Living,2003-03-04,None,Own_House
539,927,442,Allocated_Living,1990-12-01,None,Family_House
540,375,815,Awaiting,1991-09-01,None,Prison
541,830,624,Awaiting,2000-01-31,Prison,None
542,275,824,Awaiting,2016-05-29,Prison,None
543,928,684,Awaiting,2013-12-10,Prison,Family_House
544,376,370,Allocated_Living,2007-02-13,None,Own_House
545,769,87,Allocated_Living,1990-01-19,Friend_House,None
546,276,549,Awaiting,1990-01-04,None,Friend_House
547,92,603,Allocated_Living,1990-02-21,Friend_House,Prison
548,669,945,Allocated_Living,1992-09-13,Friend_House,Own_House
549,515,692,Awaiting,1998-08-24,Family_House,Friend_House
550,415,978,Awaiting,2022-08-17,Family_House,Family_House
551,831,639,Awaiting,1990-01-12,Family_House,Friend_House
552,929,260,Awaiting,2008-07-15,None,Own_House
553,770,355,Awaiting,2002-05-23,None,Own_House
554,516,661,Aftercare,1990-01-06,Prison,Own_House
555,416,49,Allocated_Living,1991-03-11,Own_House,None
556,670,571,Awaiting,1992-07-29,Family_House,None
557,193,32,Awaiting,1990-01-01,Own_House,Family_House
558,832,460,Awaiting,2002-07-31,None,Own_House
559,517,55,Allocated_Living,1990-01-10,Family_House,Own_House
560,93,558,Move_Out,1993-03-11,Friend_House,Friend_House
561,930,137,Move_Out,2015-12-30,Own_House,Family_House
562,833,355,Move_Out,1990-01-07,Family_House,Own_House
563,771,974,Move_Out,1991-06-14,Prison,Family_House
564,931,648,Awaiting,2017-09-16,Own_House,Own_House
565,377,948,Allocated_Living,1992-01-21,Own_House,Own_House
566,834,574,Awaiting,2016-10-12,Own_House,Prison
567,417,536,Awaiting,2001-04-25,Friend_House,Own_House
568,518,571,Allocated_Living,2019-05-02,Friend_House,Friend_House
569,194,727,Move_Out,2023-02-17,None,Family_House
570,418,741,Awaiting,1990-02-08,Family_House,Own_House
571,519,727,Awaiting,2003-03-15,Friend_House,Family_House
572,419,178,Awaiting,1991-01-14,None,Family_House
573,671,755,Awaiting,1990-01-10,None,Family_House
574,520,52,Move_Out,1993-07-31,None,Own_House
575,772,705,Allocated_Living,1991-02-07,None,Own_House
576,420,54,Allocated_Living,2001-10-08,None,Own_House
577,932,210,Aftercare,2016-01-13,Family_House,Family_House
578,672,80,Move_Out,2013-03-07,Friend_House,Own_House
579,94,788,Move_Out,2001-10-07,Family_House,Family_House
580,835,151,Aftercare,1990-01-05,Prison,Own_House
581,195,247,Awaiting,1990-01-08,None,Own_House
582,933,88,Aftercare,1990-10-02,Own_House,None
583,277,384,Awaiting,2011-11-09,Friend_House,Own_House
584,836,884,Aftercare,1990-04-12,Friend_House,Own_House
585,378,105,Awaiting,2014-11-18,Family_House,Own_House
586,95,637,Allocated_Living,2000-07-07,None,Family_House
587,521,181,Awaiting,1991-10-17,Family_House,Family_House
588,278,550,Awaiting,2016-11-16,Friend_House,None
589,196,783,Allocated_Living,1992-09-25,Own_House,None
590,934,866,Allocated_Living,2015-06-30,None,Family_House
591,837,746,Allocated_Living,2008-10-19,Friend_House,Friend_House
592,935,714,Aftercare,2012-02-22,None,Family_House
593,379,655,Aftercare,1993-08-16,Family_House,Friend_House
594,773,150,Allocated_Living,1996-12-22,Family_House,Friend_House
595,421,629,Allocated_Living,2022-12-24,Friend_House,Own_House
596,96,726,Awaiting,1990-07-26,None,Family_House
597,673,328,Allocated_Living,2004-05-30,Prison,Own_House
598,197,969,Awaiting,1991-08-15,None,Own_House
599,97,165,Move_Out,1992-09-13,None,Family_House
600,774,394,Allocated_Living,2001-04-27,Friend_House,None
601,674,430,Awaiting,1993-02-03,Family_House,Own_House
602,522,213,Aftercare,2013-01-24,None,Own_House
603,422,399,Move_Out,1990-01-04,Friend_House,Family_House
604,198,381,Allocated_Living,2019-11-24,Own_House,Own_House
605,98,287,Aftercare,2000-05-12,None,Own_House
606,523,72,Awaiting,2012-07-20,None,Own_House
607,199,7,Move_Out,2011-08-11,Own_House,Family_House
608,279,821,Allocated_Living,2022-04-30,Prison,Friend_House
609,775,467,Allocated_Living,2014-04-25,Family_House,Friend_House
610,838,77,Awaiting,2002-12-17,Friend_House,Friend_House
611,675,422,Awaiting,1992-02-01,Prison,Own_House
612,380,146,Awaiting,1990-02-24,None,Own_House
613,776,593,Allocated_Living,1990-01-03,Friend_House,Family_House
614,423,446,Move_Out,2002-12-15,Family_House,Own_House
615,99,115,Allocated_Living,2007-09-26,None,Family_House
616,936,312,Move_Out,1991-03-09,None,Friend_House
617,524,145,Allocated_Living,2012-05-31,None,Own_House
618,676,213,Move_Out,2019-05-26,Friend_House,Own_House
619,424,687,Move_Out,2020-10-05,None,Family_House
620,200,400,Awaiting,2009-10-02,Family_House,Friend_House
621,280,912,Aftercare,1990-03-05,None,Own_House
622,381,648,Awaiting,2009-11-04,Prison,Family_House
623,281,277,Aftercare,2011-07-08,Friend_House,Friend_House
624,382,753,Awaiting,2006-11-25,None,Own_House
625,525,510,Aftercare,1990-01-08,None,Family_House
626,425,810,Awaiting,1996-09-16,None,Friend_House
627,100,81,Awaiting,1992-03-15,Family_House,Friend_House
628,839,548,Allocated_Living,2017-05-21,Family_House,None
629,201,982,Awaiting,2021-06-09,Family_House,Friend_House
630,777,958,Awaiting,1996-05-08,Own_House,Family_House
631,937,890,Move_Out,1997-03-06,None,Friend_House
632,677,668,Move_Out,2017-02-14,Friend_House,Own_House
633,778,989,Aftercare,1990-10-22,None,Family_House
634,282,538,Awaiting,1991-12-01,None,Family_House
635,383,395,Move_Out,1992-05-26,None,Family_House
636,526,68,Awaiting,2009-09-06,None,Friend_House
637,426,974,Awaiting,1994-04-26,None,Own_House
638,283,279,Allocated_Living,1992-04-03,Family_House,Friend_House
639,840,514,Awaiting,1990-03-26,None,None
640,938,712,Awaiting,1990-03-31,None,None
641,101,435,Move_Out,2017-07-24,Friend_House,Prison
642,384,782,Allocated_Living,1990-02-28,Family_House,Friend_House
643,527,889,Allocated_Living,2022-11-25,Family_House,Own_House
644,1,651,Allocated_Living,2002-12-02,None,Own_House
645,102,755,Awaiting,2008-03-10,None,Own_House
646,678,813,Awaiting,1990-03-17,None,Own_House
647,2,12,Allocated_Living,1999-02-28,Family_House,Own_House
648,779,744,Awaiting,1990-03-03,Prison,Family_House
649,427,666,Awaiting,1998-05-10,Friend_House,Own_House
650,528,697,Allocated_Living,2008-06-21,None,Family_House
651,679,158,Move_Out,2006-11-01,None,Family_House
652,841,451,Move_Out,2005-06-21,Friend_House,None
653,428,818,Awaiting,2019-07-30,Own_House,Friend_House
654,939,733,Move_Out,2000-09-01,Friend_House,None
655,284,190,Allocated_Living,1992-01-28,None,Family_House
656,529,700,Awaiting,2006-09-02,Family_House,None
657,103,865,Aftercare,1990-04-20,Friend_House,Own_House
658,385,623,Awaiting,1991-07-25,Friend_House,Family_House
659,429,45,Move_Out,2013-09-22,Friend_House,Friend_House
660,780,756,Allocated_Living,1996-07-04,Family_House,Own_House
661,285,26,Awaiting,1996-11-06,Family_House,Family_House
662,3,558,Awaiting,1997-08-29,None,Friend_House
663,104,158,Awaiting,2019-06-03,None,Prison
664,4,627,Awaiting,2012-09-09,Own_House,Own_House
665,105,90,Awaiting,1990-02-21,None,Prison
666,842,71,Allocated_Living,2001-08-23,Friend_House,Own_House
667,530,694,Awaiting,2006-12-11,Prison,None
668,430,365,Awaiting,2000-05-18,None,None
669,386,704,Aftercare,2013-05-29,Friend_House,Family_House
670,680,956,Awaiting,2022-09-22,None,Friend_House
671,531,808,Allocated_Living,2015-01-16,Family_House,Family_House
672,5,91,Move_Out,1990-02-15,Friend_House,Own_House
673,940,241,Move_Out,2013-11-23,None,Own_House
674,781,131,Allocated_Living,2010-08-26,Family_House,Friend_House
675,106,848,Awaiting,1990-01-08,None,Friend_House
676,6,987,Awaiting,2013-04-03,Family_House,Family_House
677,681,924,Awaiting,2023-06-26,None,Own_House
678,107,742,Awaiting,1997-02-17,None,Family_House
679,7,266,Awaiting,2003-09-26,None,Friend_House
680,843,165,Move_Out,2009-05-20,None,Own_House
681,286,650,Move_Out,2001-04-13,Family_House,Friend_House
682,431,943,Awaiting,1994-06-02,Family_House,Own_House
683,387,182,Awaiting,2011-02-27,None,Friend_House
684,782,24,Allocated_Living,1997-07-03,None,Own_House
685,941,133,Awaiting,2003-03-30,Family_House,None
686,108,132,Awaiting,1992-11-20,Own_House,Friend_House
687,287,579,Allocated_Living,1998-10-16,Family_House,Own_House
688,844,772,Awaiting,1992-06-19,Own_House,Family_House
689,8,282,Allocated_Living,2020-07-19,Own_House,None
690,682,182,Allocated_Living,2005-10-24,Friend_House,Friend_House
691,388,278,Awaiting,1997-03-28,Family_House,Own_House
692,288,686,Allocated_Living,2015-07-16,Own_House,Family_House
693,942,872,Move_Out,1990-01-17,None,None
694,109,520,Allocated_Living,1990-03-15,Family_House,Family_House
695,532,635,Move_Out,1991-12-18,Family_House,Own_House
696,845,417,Awaiting,2009-04-30,None,Own_House
697,9,541,Allocated_Living,1990-01-06,Friend_House,Friend_House
698,432,197,Awaiting,2004-03-21,Own_House,Friend_House
699,110,851,Awaiting,2022-06-02,None,Own_House
700,10,668,Allocated_Living,2012-11-16,Family_House,None
701,111,409,Allocated_Living,1992-01-15,None,Own_House
702,783,797,Awaiting,1990-08-16,Friend_House,Own_House
703,389,647,Awaiting,2012-01-16,Friend_House,Friend_House
704,943,287,Awaiting,1990-12-27,None,Own_House
705,846,825,Awaiting,1990-11-30,Family_House,None
706,683,389,Awaiting,1990-01-10,Own_House,Own_House
707,944,786,Aftercare,1997-11-17,None,Family_House
708,847,967,Allocated_Living,2002-07-10,None,Prison
709,784,786,Awaiting,2012-10-02,None,Own_House
710,289,514,Awaiting,1995-05-28,Family_House,Own_House
711,945,492,Allocated_Living,1990-10-02,Friend_House,Family_House
712,848,868,Allocated_Living,1999-08-03,None,Family_House
713,11,214,Awaiting,1992-03-08,None,Friend_House
714,684,549,Aftercare,1995-11-16,Friend_House,Family_House
715,390,368,Allocated_Living,1990-01-03,None,Family_House
716,946,322,Awaiting,2001-08-11,None,Own_House
717,785,878,Awaiting,2000-08-27,Prison,Prison
718,533,360,Allocated_Living,1997-05-25,Own_House,Family_House
719,112,627,Awaiting,1990-02-01,None,Own_House
720,12,607,Awaiting,1990-02-11,None,Own_House
721,685,916,Aftercare,2018-09-23,Family_House,None
722,786,847,Awaiting,2000-10-26,None,Own_House
723,433,63,Awaiting,1990-02-25,Friend_House,Own_House
724,534,519,Awaiting,1990-03-12,None,None
725,434,610,Allocated_Living,1990-08-24,Friend_House,Own_House
726,290,119,Aftercare,1994-07-20,Family_House,None
727,391,863,Awaiting,2016-12-02,None,Own_House
728,686,194,Awaiting,1997-08-29,Friend_House,Friend_House
729,113,46,Move_Out,2011-08-18,None,Own_House
730,291,16,Awaiting,2005-09-27,Prison,Family_House
731,849,734,Move_Out,2011-06-28,None,Family_House
732,13,455,Awaiting,1998-06-29,None,Family_House
733,114,481,Awaiting,1993-03-06,None,Family_House
734,14,100,Move_Out,2013-07-14,Friend_House,None
735,947,38,Awaiting,2005-04-28,Own_House,Friend_House
736,535,549,Allocated_Living,2011-02-18,None,Family_House
737,115,73,Move_Out,2005-05-02,None,Own_House
738,435,835,Awaiting,1990-01-01,None,Own_House
739,787,937,Allocated_Living,2011-05-19,Family_House,Own_House
740,392,497,Awaiting,2007-05-20,Family_House,Family_House
741,15,408,Awaiting,1997-01-21,Family_House,Own_House
742,536,850,Awaiting,2012-03-04,Friend_House,Own_House
743,116,417,Move_Out,2023-04-26,Friend_House,Own_House
744,687,490,Awaiting,1990-10-20,None,Family_House
745,850,813,Move_Out,2008-05-29,None,Own_House
746,292,940,Move_Out,2004-06-28,Friend_House,Family_House
747,393,81,Allocated_Living,1990-01-31,Friend_House,None
748,16,567,Aftercare,2007-05-11,Family_House,Own_House
749,948,853,Move_Out,2013-05-24,Friend_House,Own_House
750,788,458,Move_Out,1996-10-04,Friend_House,None
751,117,335,Awaiting,2005-01-23,None,Own_House
752,436,196,Move_Out,1995-08-30,Friend_House,Own_House
753,293,408,Aftercare,2009-05-28,Family_House,Own_House
754,17,974,Awaiting,2013-07-06,Family_House,None
755,537,387,Allocated_Living,2010-04-24,Own_House,None
756,394,772,Awaiting,1997-09-22,None,Own_House
757,294,87,Move_Out,2000-11-25,None,Prison
758,688,56,Move_Out,1990-03-15,Friend_House,None
759,395,305,Allocated_Living,2016-01-12,Family_House,Friend_House
760,437,601,Awaiting,1997-09-26,Own_House,Prison
761,295,666,Awaiting,2022-01-18,Friend_House,Own_House
762,118,529,Allocated_Living,1995-10-12,Family_House,Friend_House
763,789,494,Move_Out,2011-06-02,Prison,Family_House
764,538,18,Awaiting,2002-09-05,None,Family_House
765,396,457,Allocated_Living,1990-01-01,Friend_House,Family_House
766,689,527,Allocated_Living,2021-10-02,None,Friend_House
767,851,381,Awaiting,1995-08-28,None,Own_House
768,949,159,Awaiting,1990-01-10,Own_House,Friend_House
769,790,83,Move_Out,1997-01-04,Friend_House,None
770,852,717,Awaiting,1992-02-06,Own_House,Friend_House
771,950,762,Awaiting,2011-09-28,Prison,None
772,296,496,Aftercare,1990-03-29,Own_House,Family_House
773,853,999,Awaiting,2019-06-24,None,Own_House
774,951,818,Awaiting,1990-01-29,Friend_House,Family_House
775,854,434,Awaiting,2000-04-14,Family_House,None
776,18,736,Move_Out,1999-06-06,None,Family_House
777,690,915,Allocated_Living,2005-03-21,Friend_House,Prison
778,791,251,Awaiting,1992-01-07,None,Own_House
779,691,476,Allocated_Living,2011-06-03,Prison,Family_House
780,397,943,Allocated_Living,1998-04-05,None,Family_House
781,119,510,Awaiting,1990-01-02,None,Prison
782,19,28,Awaiting,1990-06-10,Friend_House,Prison
783,952,372,Allocated_Living,1999-09-27,None,Family_House
784,438,759,Awaiting,1995-05-06,Family_House,Family_House
785,297,214,Move_Out,1990-01-03,Family_House,Own_House
786,539,342,Aftercare,2004-10-16,Family_House,Family_House
787,792,329,Awaiting,2016-11-05,Family_House,Own_House
788,855,577,Awaiting,2000-10-03,Friend_House,Family_House
789,692,498,Awaiting,1990-01-10,Friend_House,Prison
790,439,969,Move_Out,1990-01-09,Own_House,Family_House
791,120,470,Allocated_Living,2000-11-04,None,Family_House
792,398,417,Awaiting,2013-11-03,Family_House,Family_House
793,20,868,Allocated_Living,1990-01-25,Friend_House,Family_House
794,121,823,Awaiting,2012-12-31,Own_House,Own_House
795,953,966,Awaiting,2002-07-21,None,Family_House
796,856,741,Awaiting,1990-01-04,Own_House,Family_House
797,954,997,Awaiting,1990-02-22,Friend_House,Friend_House
798,540,508,Awaiting,1996-05-03,None,Family_House
799,440,972,Move_Out,1992-07-27,Own_House,Own_House
800,298,149,Awaiting,1992-01-31,Prison,Own_House
801,399,836,Allocated_Living,1990-03-10,None,Family_House
802,299,488,Awaiting,2003-05-16,Family_House,Own_House
803,541,316,Awaiting,1990-01-02,None,Own_House
804,857,411,Allocated_Living,2021-06-24,Family_House,Own_House
805,955,490,Allocated_Living,1991-08-23,Friend_House,None
806,858,808,Awaiting,2008-01-24,None,Family_House
807,793,214,Allocated_Living,1990-07-04,None,Friend_House
808,441,194,Aftercare,2022-02-10,None,Friend_House
809,400,555,Aftercare,1992-09-24,None,None
810,300,271,Move_Out,1992-03-01,Family_House,Own_House
811,542,530,Move_Out,1990-02-26,Family_House,Own_House
812,693,141,Move_Out,2022-01-26,Own_House,Family_House
813,21,51,Awaiting,1990-11-19,Friend_House,Own_House
814,122,466,Move_Out,2021-05-22,Friend_House,Own_House
815,442,938,Move_Out,2009-02-13,Family_House,Prison
816,401,81,Aftercare,2013-05-26,None,Prison
817,301,834,Awaiting,1991-05-28,Family_House,Own_House
818,22,582,Allocated_Living,2010-09-20,None,Own_House
819,402,578,Allocated_Living,2003-11-16,Friend_House,Own_House
820,956,931,Allocated_Living,2007-01-01,Family_House,Own_House
821,859,963,Awaiting,2007-09-19,Friend_House,Family_House
822,123,833,Awaiting,2008-08-01,Family_House,Family_House
823,302,283,Awaiting,2013-10-29,None,Friend_House
824,23,979,Aftercare,2019-02-03,Family_House,Own_House
825,794,560,Allocated_Living,1990-02-19,Family_House,Own_House
826,543,823,Awaiting,1996-06-08,None,Own_House
827,124,291,Awaiting,2013-02-25,Friend_House,Prison
828,694,548,Move_Out,1990-03-12,Friend_House,None
829,957,199,Move_Out,2012-08-04,None,Own_House
830,24,556,Allocated_Living,2011-12-28,Family_House,Family_House
831,202,11,Allocated_Living,1999-10-22,Friend_House,None
832,125,957,Awaiting,1990-01-05,None,Own_House
833,25,768,Awaiting,2004-04-20,None,Own_House
834,303,189,Awaiting,1991-01-20,None,Own_House
835,860,544,Awaiting,1997-11-10,Own_House,Own_House
836,958,389,Aftercare,1990-01-04,Friend_House,None
837,795,50,Aftercare,2007-07-20,Friend_House,Family_House
838,126,76,Move_Out,2008-08-12,None,Own_House
839,695,310,Allocated_Living,2006-03-27,None,Family_House
840,203,234,Allocated_Living,2002-03-07,None,Family_House
841,796,154,Awaiting,1991-11-07,None,Family_House
842,304,628,Awaiting,1990-01-09,None,Own_House
843,696,691,Awaiting,2019-02-18,None,Family_House
844,443,486,Allocated_Living,2002-02-21,Own_House,Friend_House
845,861,98,Aftercare,2021-08-13,None,Family_House
846,204,687,Move_Out,2012-03-12,None,Prison
847,26,854,Move_Out,1990-01-06,None,Own_House
848,959,906,Allocated_Living,2022-01-14,Own_House,Own_House
849,797,834,Allocated_Living,1990-02-25,None,Own_House
850,697,83,Awaiting,1995-09-19,None,Family_House
851,798,2,Awaiting,1990-01-07,None,Own_House
852,862,877,Allocated_Living,2018-10-22,None,Family_House
853,305,909,Allocated_Living,1990-01-10,Family_House,Own_House
854,698,399,Awaiting,1995-04-20,None,Own_House
855,544,508,Awaiting,1996-04-21,Friend_House,Friend_House
856,127,476,Allocated_Living,2022-11-11,Family_House,Own_House
857,27,6,Awaiting,1990-01-29,None,Own_House
858,205,99,Awaiting,1990-06-02,Friend_House,Own_House
859,128,617,Awaiting,2008-04-15,Prison,Own_House
860,306,986,Awaiting,1990-03-22,None,Family_House
861,799,263,Move_Out,2004-01-26,Own_House,Family_House
862,28,897,Move_Out,1990-01-07,Own_House,Friend_House
863,444,760,Awaiting,1998-12-30,None,Family_House
864,206,843,Awaiting,2005-10-12,None,Family_House
865,960,753,Awaiting,1990-01-03,None,Own_House
866,307,602,Move_Out,2009-07-18,Friend_House,Friend_House
867,545,699,Allocated_Living,2002-07-26,Friend_House,Family_House
868,863,885,Awaiting,2011-05-30,Friend_House,Own_House
869,207,869,Allocated_Living,1991-02-06,Family_House,Prison
870,699,635,Aftercare,1996-03-02,None,Own_House
871,445,449,Awaiting,1990-01-08,Friend_House,Own_House
872,129,954,Awaiting,1990-01-17,None,None
873,308,142,Awaiting,1990-03-18,None,Family_House
874,961,718,Awaiting,2007-10-30,None,Friend_House
875,29,860,Awaiting,2004-07-16,None,Own_House
876,546,303,Aftercare,1999-05-14,None,Own_House
877,446,864,Move_Out,2012-07-17,None,Friend_House
878,800,925,Allocated_Living,2016-02-19,Friend_House,None
879,130,728,Awaiting,2008-11-16,Friend_House,Family_House
880,208,8,Move_Out,1990-05-26,None,Own_House
881,309,877,Awaiting,1990-01-05,None,Own_House
882,30,415,Allocated_Living,2002-09-15,Friend_House,Family_House
883,131,469,Awaiting,1990-03-02,None,Family_House
884,31,53,Allocated_Living,1992-07-05,None,Family_House
885,209,638,Allocated_Living,1999-08-28,Family_House,Own_House
886,547,656,Aftercare,2009-11-12,None,Own_House
887,864,524,Awaiting,1999-07-14,Friend_House,Prison
888,447,446,Awaiting,1999-03-01,None,Own_House
889,962,498,Aftercare,2016-06-19,Friend_House,Own_House
890,700,265,Allocated_Living,1996-04-13,None,Own_House
891,801,279,Move_Out,1991-11-07,None,Family_House
892,310,246,Allocated_Living,2015-05-24,None,Family_House
893,865,72,Move_Out,1996-10-19,Friend_House,None
894,548,802,Awaiting,2010-05-21,Prison,None
895,701,827,Allocated_Living,1994-02-16,Friend_House,None
896,802,259,Awaiting,1996-08-02,Friend_House,Friend_House
897,702,598,Awaiting,2021-02-27,None,Friend_House
898,448,79,Awaiting,2013-07-18,None,Own_House
899,549,678,Awaiting,1990-03-10,Family_House,Own_House
900,449,594,Awaiting,2004-01-27,Own_House,Friend_House
901,963,759,Awaiting,1990-03-20,Own_House,Family_House
902,210,900,Move_Out,2011-08-23,Family_House,Own_House
903,803,407,Awaiting,1992-11-15,None,Own_House
904,132,191,Allocated_Living,1990-07-17,Own_House,Own_House
905,32,45,Awaiting,2012-05-26,Family_House,Own_House
906,550,75,Move_Out,1991-09-27,Own_House,Own_House
907,450,718,Awaiting,2002-09-06,None,Own_House
908,311,586,Allocated_Living,2002-09-16,Friend_House,Family_House
909,551,873,Move_Out,1990-03-06,Own_House,Family_House
910,866,858,Awaiting,1990-07-16,None,Family_House
911,703,461,Allocated_Living,2010-06-20,Friend_House,Own_House
912,211,273,Allocated_Living,2013-07-04,Own_House,Own_House
913,133,210,Awaiting,1990-06-24,Own_House,Family_House
914,804,971,Awaiting,1994-03-02,Friend_House,Own_House
915,964,515,Aftercare,2017-01-14,Prison,Own_House
916,704,413,Awaiting,1995-06-16,None,None
917,867,178,Allocated_Living,2009-05-29,Friend_House,Own_House
918,312,806,Allocated_Living,2012-02-21,None,Own_House
919,965,401,Move_Out,2009-07-08,Family_House,Own_House
920,451,384,Awaiting,2015-05-03,Family_House,Own_House
921,552,200,Awaiting,2011-07-15,Own_House,Friend_House
922,33,385,Awaiting,2003-10-17,None,Own_House
923,868,95,Awaiting,1990-01-05,Prison,Friend_House
924,452,787,Awaiting,2009-10-04,Family_House,None
925,966,163,Awaiting,2011-01-22,None,Family_House
926,212,894,Awaiting,1990-01-29,Friend_House,Friend_House
927,313,846,Allocated_Living,1996-08-08,Prison,None
928,869,129,Aftercare,1990-02-28,None,Family_House
929,213,550,Allocated_Living,1999-01-22,Family_House,Friend_House
930,553,397,Move_Out,2016-10-11,Own_House,Family_House
931,604,463,Move_Out,1993-03-11,Own_House,Own_House
932,134,974,Move_Out,1990-01-11,None,Family_House
933,34,763,Awaiting,2016-04-30,Family_House,Family_House
934,453,157,Move_Out,2008-01-03,Family_House,Friend_House
935,554,366,Allocated_Living,2002-03-29,Friend_House,Family_House
936,135,715,Allocated_Living,2020-04-05,Friend_House,Own_House
937,454,813,Allocated_Living,1996-11-26,Friend_House,Own_House
938,35,857,Move_Out,2021-03-26,Friend_House,Family_House
939,136,911,Awaiting,2021-12-31,Friend_House,Own_House
940,967,487,Allocated_Living,2004-09-21,Own_House,Friend_House
941,870,850,Allocated_Living,2004-09-23,None,Own_House
942,555,197,Move_Out,1991-09-10,Prison,Family_House
943,36,12,Awaiting,2003-06-04,None,Own_House
944,137,803,Allocated_Living,2022-01-30,None,Family_House
945,37,61,Awaiting,2015-06-22,Friend_House,Friend_House
946,314,22,Awaiting,1990-03-15,None,Own_House
947,214,586,Allocated_Living,1992-07-09,None,Prison
948,138,749,Allocated_Living,2002-08-26,Own_House,Friend_House
949,455,415,Awaiting,2022-01-27,None,Family_House
950,38,453,Awaiting,1990-04-07,None,Prison
951,705,439,Move_Out,1993-11-01,Own_House,Family_House
952,315,579,Allocated_Living,2008-04-01,None,Family_House
953,556,494,Awaiting,2007-07-25,None,Friend_House
954,139,802,Awaiting,2017-05-13,None,Own_House
955,39,131,Move_Out,1993-01-30,Own_House,Own_House
956,605,750,Aftercare,2019-02-15,Friend_House,Own_House
957,215,823,Allocated_Living,2023-09-05,Family_House,Own_House
958,316,323,Aftercare,2013-02-01,Friend_House,Own_House
959,140,759,Awaiting,2008-10-07,Family_House,Family_House
960,968,462,Move_Out,1990-03-20,None,Family_House
961,216,950,Awaiting,2013-02-18,Own_House,Family_House
962,706,993,Allocated_Living,2010-09-03,Own_House,Family_House
963,871,339,Awaiting,1992-01-08,Family_House,Family_House
964,317,577,Aftercare,1993-01-03,Prison,Prison
965,606,384,Allocated_Living,1991-05-21,Friend_House,Own_House
966,217,622,Aftercare,1996-11-12,None,Family_House
967,707,974,Awaiting,2000-07-22,None,Friend_House
968,318,676,Awaiting,2015-06-16,None,Friend_House
969,969,932,Move_Out,2015-10-03,None,Friend_House
970,218,693,Awaiting,1990-02-28,None,Own_House
971,872,567,Allocated_Living,2010-02-24,Own_House,Family_House
972,456,277,Move_Out,2012-01-02,None,Family_House
973,319,739,Awaiting,2002-04-06,Friend_House,Friend_House
974,607,29,Awaiting,2010-05-12,Own_House,Family_House
975,970,390,Allocated_Living,1992-06-27,Friend_House,Prison
976,219,772,Allocated_Living,2019-07-03,Own_House,Own_House
977,873,286,Awaiting,2006-02-24,Prison,None
978,557,761,Awaiting,1997-02-27,Family_House,Own_House
979,708,863,Awaiting,1996-02-05,None,Own_House
980,971,855,Awaiting,2020-08-25,Prison,Family_House
981,320,337,Move_Out,2005-08-09,Friend_House,Family_House
982,457,57,Move_Out,1990-01-05,None,Own_House
983,558,58,Allocated_Living,1990-01-09,None,None
984,874,52,Awaiting,2008-03-31,Friend_House,Friend_House
985,458,987,Awaiting,2008-11-18,Prison,Prison
986,559,853,Awaiting,1990-01-09,Family_House,Family_House
987,972,825,Awaiting,1996-02-26,Own_House,Friend_House
988,459,572,Awaiting,2000-07-28,Family_House,Own_House
989,875,997,Awaiting,2019-11-02,Own_House,Family_House
990,973,718,Allocated_Living,1996-03-29,None,Own_House
991,560,587,Awaiting,1995-04-21,Own_House,Friend_House
992,460,568,Allocated_Living,1991-03-05,Own_House,None
993,561,707,Awaiting,1997-02-28,Family_House,Friend_House
994,461,498,Allocated_Living,1990-03-10,None,Friend_House
995,562,419,Awaiting,1996-03-21,None,Own_House
996,462,994,Awaiting,1994-09-29,Friend_House,Family_House
997,563,730,Move_Out,2011-10-31,None,Friend_House
998,463,769,Awaiting,1990-01-10,None,Own_House
999,564,236,Awaiting,1990-01-01,Own_House,Own_House
1000,464,210,Awaiting,2013-01-20,None,Own_House
