individualID,yearOfBirth,householdID,CitizenshipStatus,yearOfDeath,GenderType,diverseStatus
1,1960,310,Worker_Visa,2012,Non-Binary,Indigenous_FirstNations
2,1992,510,Refugee_Claimant,2008,Female,Visible_Minority
3,1953,411,Refugee_Claimant,2014,Female,Visible_Minority
4,1957,548,Refugee_Claimant,2018,Male,Visible_Minority
5,1960,835,Refugee_Claimant,2012,Female,Visible_Minority
6,1951,135,Permanent_Resident,2017,Non-Binary,Indigenous_Inuit
7,1992,157,Refugee,2008,Female,Indigenous_Metis
8,1953,255,Refugee,2014,Male,Black
9,1958,879,Citizen_BornInCanada,2008,Other,None
10,1957,714,Worker_Visa,2018,Male,Indigenous_FirstNations
11,1951,481,Refugee_Claimant,2017,Female,Visible_Minority
12,1966,436,Permanent_Resident,2006,Male,Indigenous_Inuit
13,1966,213,Refugee,2011,Male,Black
14,1973,371,Refugee_Claimant,2018,Male,Visible_Minority
15,1958,621,Worker_Visa,2008,Male,Indigenous_FirstNations
16,1966,601,Permanent_Resident,2006,Female,Indigenous_Inuit
17,1966,981,Citizen_BornInCanada,2021,Female,None
18,1958,282,Citizen_BornInCanada,2022,Non-Binary,None
19,1966,170,Worker_Visa,2011,Female,Indigenous_FirstNations
20,1993,892,Citizen_BornInCanada,2015,Female,None
21,1973,968,Citizen_BornInCanada,2018,Other,None
22,1966,551,Permanent_Resident,2021,Male,Indigenous_Inuit
23,1958,98,Refugee_Claimant,2022,Male,Visible_Minority
24,2001,94,Refugee,2007,Male,Black
25,1993,37,Refugee_Claimant,2015,Non-Binary,Visible_Minority
26,1977,4,Worker_Visa,2020,Non-Binary,Indigenous_FirstNations
27,2001,434,Refugee,2007,Non-Binary,Black
28,1994,76,Student_Visa,2019,Female,Indigenous_FirstNations
29,1981,739,Permanent_Resident,2012,Female,Indigenous_Inuit
30,1977,937,Citizen_BornInCanada,2020,Other,None
31,1994,170,Student_Visa,2019,Female,Indigenous_FirstNations
32,1969,551,Citizen_BornInCanada,2020,Female,None
33,1953,851,Permanent_Resident,2011,Male,Indigenous_Inuit
34,1981,334,Permanent_Resident,2012,Female,None
35,1969,457,Citizen_BornInCanada,2020,Male,None
36,2003,957,Citizen_BornInCanada,2022,Transgender,None
37,1953,546,Permanent_Resident,2011,Other,Indigenous_Inuit
38,2003,718,Citizen_BornInCanada,2022,Female,None
39,1985,659,Citizen_BornInCanada,2014,Female,None
40,1985,115,Refugee_Claimant,2014,Male,Black
41,1999,669,Citizen_BornInCanada,2020,Male,None
42,1999,671,Refugee,2020,Non-Binary,Black
43,1974,603,Student_Visa,2022,Male,Veteran
44,1974,886,Refugee,2022,Female,Indigenous_Metis
45,1980,681,Citizen_BornInCanada,2022,Transgender,None
46,1980,872,Refugee,2022,Other,Black
47,1996,281,Refugee_Claimant,2014,Female,Visible_Minority
48,1996,794,Refugee_Claimant,2014,Female,Black
49,1981,805,Citizen_BornInCanada,2011,Male,None
50,1981,651,Refugee,2011,Female,Black
51,2003,481,Refugee,2015,Transgender,Black
52,2003,898,Citizen_BornInCanada,2015,Male,None
53,1980,19,Student_Visa,2020,Male,Indigenous_FirstNations
54,1980,796,Refugee,2020,Male,Black
55,1971,291,Citizen_BornInCanada,2015,Female,None
56,1971,245,Refugee_Claimant,2015,Male,Visible_Minority
57,1977,933,Citizen_BornInCanada,2014,Female,None
58,2004,8,Citizen_BornInCanada,2020,Other,None
59,2005,504,Citizen_BornInCanada,2018,Male,None
60,1977,379,Refugee_Claimant,2014,Other,Visible_Minority
61,1976,64,Refugee_Claimant,2007,Male,Visible_Minority
62,2004,255,Refugee,2020,Male,Black
63,1993,635,Citizen_BornInCanada,2006,Transgender,None
64,2005,59,Citizen_BornInCanada,2018,Female,None
65,1991,925,Citizen_BornInCanada,2015,Female,None
66,1976,873,Refugee,2007,Non-Binary,Black
67,1993,935,Worker_Visa,2006,Female,Indigenous_FirstNations
68,1963,182,Permanent_Resident,2014,Other,Indigenous_Inuit
69,2003,218,Refugee,2021,Female,Black
70,1953,875,Refugee_Claimant,2013,Female,Visible_Minority
71,1986,122,Worker_Visa,2022,Female,Indigenous_FirstNations
72,1991,193,Student_Visa,2015,Other,Indigenous_FirstNations
73,1954,885,Citizen_BornInCanada,2006,Male,None
74,1963,805,Permanent_Resident,2014,Female,Indigenous_Inuit
75,1962,474,Citizen_BornInCanada,2016,Male,None
76,2003,287,Refugee_Claimant,2021,Male,Visible_Minority
77,1953,558,Refugee,2013,Male,Black
78,1989,547,Permanent_Resident,2016,Transgender,Indigenous_Inuit
79,1986,966,Permanent_Resident,2022,Female,Indigenous_Inuit
80,1954,607,Citizen_BornInCanada,2006,Male,None
81,1962,896,Citizen_BornInCanada,2016,Female,None
82,1989,412,Worker_Visa,2016,Male,Indigenous_FirstNations
83,1988,332,Refugee_Claimant,2015,Male,Visible_Minority
84,1993,348,Refugee_Claimant,2007,Other,Visible_Minority
85,1955,422,Refugee,2017,Non-Binary,Black
86,1988,195,Refugee_Claimant,2015,Male,Visible_Minority
87,1952,786,Citizen_BornInCanada,2019,Female,None
88,2004,280,Refugee_Claimant,2009,Female,Visible_Minority
89,1993,637,Citizen_BornInCanada,2007,Transgender,None
90,1955,517,Refugee,2017,Other,Black
91,1970,818,Citizen_BornInCanada,2013,Transgender,None
92,1973,644,Citizen_BornInCanada,2020,Other,None
93,1976,618,Citizen_BornInCanada,2021,Transgender,None
94,1952,206,Permanent_Resident,2019,Male,Indigenous_Inuit
95,1978,914,Student_Visa,2010,Non-Binary,Indigenous_FirstNations
96,2004,489,Refugee_Claimant,2009,Other,Visible_Minority
97,1970,372,Permanent_Resident,2013,Male,Indigenous_Inuit
98,1956,181,Refugee_Claimant,2021,Transgender,Visible_Minority
99,1980,609,Permanent_Resident,2009,Female,Indigenous_Inuit
100,1984,268,Refugee_Claimant,2008,Female,Black
101,1973,59,Refugee_Claimant,2020,Male,Visible_Minority
102,1976,243,Refugee,2021,Female,Black
103,1998,364,Citizen_BornInCanada,2009,Non-Binary,None
104,1978,328,Permanent_Resident,2010,Other,Indigenous_Inuit
105,1952,482,Refugee,2021,Male,Black
106,1956,629,Refugee_Claimant,2021,Other,Visible_Minority
107,1962,682,Citizen_BornInCanada,2011,Male,None
108,1996,826,Refugee,2013,Female,Black
109,1980,158,Refugee,2009,Female,Black
110,1987,472,Refugee,2021,Other,Black
111,1984,753,Citizen_BornInCanada,2008,Male,None
112,1998,366,Refugee_Claimant,2009,Male,Visible_Minority
113,1952,982,Student_Visa,2021,Female,Indigenous_FirstNations
114,1991,151,Worker_Visa,2006,Non-Binary,Indigenous_FirstNations
115,1982,716,Refugee,2020,Female,Black
116,1970,305,Student_Visa,2020,Female,Veteran
117,2000,981,Refugee_Claimant,2015,Male,Visible_Minority
118,1962,480,Refugee,2011,Male,Indigenous_Metis
119,1996,920,Refugee,2013,Other,Black
120,1987,511,Refugee,2021,Male,Indigenous_Metis
121,1991,31,Permanent_Resident,2006,Transgender,Indigenous_Metis
122,1986,37,Citizen_BornInCanada,2010,Female,None
123,1996,970,Citizen_BornInCanada,2011,Transgender,None
124,1982,201,Citizen_BornInCanada,2020,Other,None
125,1970,102,Refugee_Claimant,2017,Other,Visible_Minority
126,1970,524,Student_Visa,2020,Female,Indigenous_FirstNations
127,2000,517,Refugee_Claimant,2015,Female,Visible_Minority
128,1974,506,Student_Visa,2011,Female,Veteran
129,1958,91,Refugee,2019,Female,Indigenous_Metis
130,1986,917,Permanent_Resident,2010,Non-Binary,Indigenous_Inuit
131,1985,950,Permanent_Resident,2021,Male,Indigenous_Inuit
132,1996,828,Refugee_Claimant,2011,Male,Visible_Minority
133,1970,717,Worker_Visa,2017,Female,Indigenous_FirstNations
134,1974,966,Refugee_Claimant,2011,Male,Visible_Minority
135,1958,521,Refugee,2019,Transgender,Indigenous_Metis
136,1985,656,Refugee_Claimant,2021,Female,Visible_Minority
137,1967,773,Student_Visa,2020,Male,Veteran
138,1958,710,Refugee,2015,Transgender,Indigenous_Metis
139,1991,220,Citizen_BornInCanada,2020,Other,None
140,1967,140,Student_Visa,2020,Male,Veteran
141,1958,455,Refugee,2015,Non-Binary,Black
142,1991,74,Refugee_Claimant,2020,Female,Black
143,1972,911,Permanent_Resident,2014,Male,Indigenous_Inuit
144,1960,15,Refugee,2008,Other,Black
145,1972,756,Permanent_Resident,2014,Male,Indigenous_Inuit
146,1983,711,Permanent_Resident,2013,Female,Indigenous_Inuit
147,1960,325,Citizen_BornInCanada,2008,Transgender,None
148,1958,609,Permanent_Resident,2006,Female,None
149,1983,860,Refugee_Claimant,2013,Male,Visible_Minority
150,1958,348,Citizen_BornInCanada,2006,Male,None
151,1975,552,Worker_Visa,2021,Male,Indigenous_FirstNations
152,1975,30,Worker_Visa,2021,Female,Indigenous_FirstNations
153,1962,139,Permanent_Resident,2012,Male,None
154,1962,819,Worker_Visa,2012,Other,Indigenous_FirstNations
155,1982,103,Citizen_BornInCanada,2010,Female,None
156,2004,441,Refugee,2010,Female,Black
157,1982,945,Permanent_Resident,2010,Male,None
158,2001,871,Citizen_BornInCanada,2011,Female,None
159,2004,985,Refugee_Claimant,2010,Other,Visible_Minority
160,1962,272,Refugee_Claimant,2014,Male,Visible_Minority
161,2001,374,Citizen_BornInCanada,2011,Female,None
162,1974,212,Permanent_Resident,2010,Transgender,None
163,1968,31,Citizen_BornInCanada,2017,Male,None
164,1970,594,Citizen_BornInCanada,2019,Female,None
165,1964,876,Citizen_BornInCanada,2017,Female,None
166,1962,643,Refugee,2014,Male,Black
167,1974,985,Student_Visa,2010,Transgender,Veteran
168,1968,164,Citizen_BornInCanada,2017,Female,None
169,1970,447,Refugee,2019,Male,Black
170,1964,743,Refugee_Claimant,2017,Other,Visible_Minority
171,1985,636,Citizen_BornInCanada,2022,Male,None
172,1997,866,Permanent_Resident,2014,Non-Binary,Indigenous_Inuit
173,2003,832,Citizen_BornInCanada,2022,Male,None
174,1985,738,Refugee_Claimant,2022,Other,Visible_Minority
175,1954,431,Student_Visa,2022,Male,Veteran
176,1997,926,Refugee_Claimant,2014,Male,Visible_Minority
177,2003,113,Student_Visa,2022,Transgender,Indigenous_FirstNations
178,1982,625,Refugee_Claimant,2006,Male,Visible_Minority
179,1954,749,Refugee_Claimant,2022,Other,Visible_Minority
180,1982,496,Permanent_Resident,2006,Male,Indigenous_Inuit
181,1987,958,Refugee_Claimant,2009,Female,Visible_Minority
182,1976,444,Refugee,2017,Transgender,Indigenous_Metis
183,1987,223,Citizen_BornInCanada,2009,Other,None
184,1954,854,Refugee,2014,Other,Indigenous_Metis
185,1999,398,Refugee,2015,Transgender,Indigenous_Metis
186,1976,910,Permanent_Resident,2017,Male,Indigenous_Inuit
187,1962,127,Refugee,2009,Female,Black
188,1955,79,Citizen_BornInCanada,2007,Male,None
189,1982,929,Refugee,2016,Female,Black
190,1954,387,Worker_Visa,2014,Transgender,Indigenous_FirstNations
191,1983,182,Refugee,2013,Female,Black
192,1999,100,Refugee_Claimant,2015,Non-Binary,Veteran
193,1986,533,Refugee_Claimant,2007,Male,Visible_Minority
194,1962,840,Refugee,2009,Female,Black
195,1955,799,Student_Visa,2007,Female,Veteran
196,1982,967,Permanent_Resident,2016,Male,Indigenous_Inuit
197,1954,332,Refugee,2017,Transgender,Black
198,1983,65,Citizen_BornInCanada,2013,Female,None
199,1986,304,Permanent_Resident,2007,Transgender,Indigenous_Inuit
200,1954,689,Refugee_Claimant,2017,Female,Visible_Minority
201,1951,509,Refugee,2022,Male,Black
202,1951,392,Citizen_BornInCanada,2022,Transgender,None
203,2003,999,Refugee_Claimant,2006,Other,Visible_Minority
204,1998,77,Worker_Visa,2007,Other,Indigenous_FirstNations
205,2003,936,Citizen_BornInCanada,2006,Female,None
206,1998,859,Refugee_Claimant,2007,Female,Black
207,1975,166,Refugee_Claimant,2014,Female,Visible_Minority
208,1975,83,Refugee,2014,Male,Black
209,1994,948,Citizen_BornInCanada,2010,Other,None
210,1987,111,Refugee,2007,Male,Black
211,1994,488,Refugee,2010,Male,Black
212,2003,471,Refugee,2008,Male,Black
213,1987,821,Permanent_Resident,2007,Male,Indigenous_Inuit
214,1974,844,Permanent_Resident,2017,Female,Indigenous_Inuit
215,1977,362,Citizen_BornInCanada,2020,Transgender,None
216,2003,417,Refugee,2008,Male,Black
217,1978,829,Citizen_BornInCanada,2017,Transgender,None
218,1986,452,Refugee_Claimant,2007,Male,Visible_Minority
219,1974,328,Refugee_Claimant,2017,Female,Visible_Minority
220,1977,861,Student_Visa,2020,Other,Indigenous_FirstNations
221,1965,677,Citizen_BornInCanada,2015,Female,None
222,1978,118,Refugee_Claimant,2017,Male,Visible_Minority
223,1986,514,Refugee_Claimant,2007,Female,Visible_Minority
224,1965,695,Refugee,2015,Transgender,Black
225,1990,857,Permanent_Resident,2015,Male,Indigenous_Inuit
226,1966,213,Citizen_BornInCanada,2010,Male,None
227,1990,271,Refugee,2015,Male,Black
228,1966,155,Refugee_Claimant,2010,Female,Visible_Minority
229,1969,899,Refugee_Claimant,2020,Male,Veteran
230,1986,28,Refugee,2021,Female,Black
231,1964,43,Permanent_Resident,2020,Male,Indigenous_Inuit
232,1969,591,Refugee_Claimant,2020,Female,Veteran
233,1985,794,Refugee,2007,Female,Black
234,1963,283,Worker_Visa,2015,Male,Indigenous_FirstNations
235,1986,900,Student_Visa,2021,Female,Veteran
236,1964,231,Refugee_Claimant,2020,Male,Black
237,1954,436,Refugee_Claimant,2010,Male,Visible_Minority
238,1963,664,Citizen_BornInCanada,2021,Male,None
239,1960,157,Refugee,2017,Female,Indigenous_Metis
240,1985,423,Refugee_Claimant,2007,Male,Visible_Minority
241,1973,525,Refugee,2006,Female,Black
242,1991,98,Student_Visa,2016,Transgender,Indigenous_FirstNations
243,1963,662,Citizen_BornInCanada,2015,Transgender,None
244,1954,741,Citizen_BornInCanada,2010,Transgender,None
245,1972,564,Permanent_Resident,2016,Other,Indigenous_Metis
246,1963,762,Worker_Visa,2021,Male,Indigenous_FirstNations
247,1960,822,Refugee,2017,Male,Black
248,1973,410,Refugee,2006,Female,Indigenous_Metis
249,1991,78,Refugee,2016,Male,Black
250,2003,493,Permanent_Resident,2008,Female,Indigenous_Inuit
251,1972,746,Citizen_BornInCanada,2016,Other,None
252,1955,357,Refugee_Claimant,2022,Other,Visible_Minority
253,2005,321,Permanent_Resident,2017,Non-Binary,Indigenous_Inuit
254,1985,404,Permanent_Resident,2017,Male,Indigenous_Metis
255,2003,185,Refugee_Claimant,2008,Female,Visible_Minority
256,1981,665,Refugee_Claimant,2018,Non-Binary,Visible_Minority
257,2004,839,Refugee,2020,Male,Indigenous_Metis
258,1988,1000,Citizen_BornInCanada,2008,Female,None
259,1955,293,Refugee_Claimant,2022,Other,Visible_Minority
260,2005,145,Student_Visa,2017,Male,Veteran
261,1997,138,Citizen_BornInCanada,2018,Female,None
262,1985,443,Citizen_BornInCanada,2017,Male,None
263,1991,184,Refugee_Claimant,2016,Other,Visible_Minority
264,1987,935,Refugee,2011,Male,Black
265,1981,558,Citizen_BornInCanada,2018,Male,None
266,1973,386,Refugee_Claimant,2017,Female,Visible_Minority
267,2004,443,Citizen_BornInCanada,2020,Non-Binary,None
268,1964,355,Permanent_Resident,2013,Other,Indigenous_Inuit
269,1988,226,Refugee,2008,Male,Black
270,1997,347,Refugee,2018,Female,Indigenous_Metis
271,1991,28,Student_Visa,2016,Female,Indigenous_FirstNations
272,1967,251,Worker_Visa,2019,Other,Indigenous_FirstNations
273,1987,19,Permanent_Resident,2011,Other,Indigenous_Inuit
274,1973,266,Citizen_BornInCanada,2017,Transgender,None
275,1999,212,Permanent_Resident,2018,Male,Indigenous_Inuit
276,1975,799,Citizen_BornInCanada,2020,Female,None
277,1954,727,Refugee_Claimant,2020,Female,Visible_Minority
278,1964,946,Refugee_Claimant,2013,Other,Black
279,1967,372,Citizen_BornInCanada,2019,Female,None
280,1969,257,Permanent_Resident,2017,Non-Binary,Indigenous_Inuit
281,1965,409,Refugee_Claimant,2019,Female,Black
282,1999,549,Citizen_BornInCanada,2018,Male,None
283,1975,540,Permanent_Resident,2020,Female,Indigenous_Inuit
284,1957,637,Refugee,2019,Female,Black
285,1954,192,Permanent_Resident,2020,Male,Indigenous_Inuit
286,1969,145,Refugee,2017,Other,Black
287,1998,978,Refugee,2019,Male,Black
288,1969,966,Citizen_BornInCanada,2010,Male,None
289,1965,613,Citizen_BornInCanada,2019,Female,None
290,1957,136,Citizen_BornInCanada,2019,Other,None
291,1997,531,Citizen_BornInCanada,2018,Female,None
292,1998,52,Refugee,2019,Other,Black
293,1965,234,Refugee,2010,Female,Black
294,1952,507,Refugee,2008,Male,Black
295,1981,968,Refugee_Claimant,2007,Female,Visible_Minority
296,1986,306,Refugee,2018,Female,Black
297,1969,403,Citizen_BornInCanada,2010,Male,None
298,1959,502,Refugee,2010,Male,Black
299,1997,203,Refugee_Claimant,2018,Male,Visible_Minority
300,1965,819,Refugee,2010,Male,Black
301,1952,315,Worker_Visa,2008,Male,Indigenous_FirstNations
302,1981,585,Citizen_BornInCanada,2007,Transgender,None
303,1965,91,Student_Visa,2017,Non-Binary,Veteran
304,1989,385,Citizen_BornInCanada,2011,Non-Binary,None
305,1986,568,Permanent_Resident,2018,Female,Indigenous_Metis
306,1959,85,Citizen_BornInCanada,2010,Non-Binary,None
307,1965,990,Refugee,2017,Female,Black
308,1952,609,Citizen_BornInCanada,2014,Transgender,None
309,1989,184,Citizen_BornInCanada,2011,Male,None
310,1952,794,Refugee_Claimant,2014,Female,Black
311,1951,895,Worker_Visa,2009,Male,Indigenous_FirstNations
312,2005,173,Refugee_Claimant,2018,Female,Visible_Minority
313,1951,438,Citizen_BornInCanada,2009,Transgender,None
314,2005,104,Permanent_Resident,2018,Non-Binary,Indigenous_Inuit
315,1994,410,Citizen_BornInCanada,2017,Male,None
316,2003,879,Student_Visa,2017,Male,Veteran
317,1994,259,Refugee_Claimant,2017,Male,Visible_Minority
318,2003,36,Citizen_BornInCanada,2017,Female,None
319,1989,977,Citizen_BornInCanada,2017,Male,None
320,1989,814,Refugee_Claimant,2017,Transgender,Visible_Minority
321,1997,736,Citizen_BornInCanada,2019,Male,None
322,1977,138,Worker_Visa,2018,Female,Indigenous_FirstNations
323,1959,864,Citizen_BornInCanada,2018,Male,None
324,1997,891,Refugee,2019,Female,Indigenous_Metis
325,1977,858,Citizen_BornInCanada,2022,Female,None
326,1955,244,Refugee,2013,Male,Indigenous_Metis
327,1977,922,Refugee,2018,Male,Black
328,1985,156,Refugee_Claimant,2018,Female,Visible_Minority
329,1957,722,Permanent_Resident,2015,Female,Indigenous_Inuit
330,1967,899,Refugee_Claimant,2022,Female,Visible_Minority
331,2000,176,Citizen_BornInCanada,2017,Female,None
332,2005,136,Citizen_BornInCanada,2015,Female,None
333,1962,620,Student_Visa,2022,Male,Veteran
334,2001,554,Refugee_Claimant,2019,Female,Black
335,1959,480,Permanent_Resident,2018,Female,Indigenous_Metis
336,2003,129,Refugee,2008,Female,Indigenous_Metis
337,2005,867,Permanent_Resident,2006,Other,Indigenous_Inuit
338,1952,862,Citizen_BornInCanada,2013,Non-Binary,None
339,1966,192,Citizen_BornInCanada,2017,Female,None
340,1977,134,Citizen_BornInCanada,2022,Male,None
341,1961,423,Worker_Visa,2021,Female,Indigenous_FirstNations
342,1993,278,Permanent_Resident,2008,Male,Indigenous_Inuit
343,2002,276,Citizen_BornInCanada,2007,Female,None
344,1957,818,Refugee,2012,Female,Black
345,2001,15,Citizen_BornInCanada,2013,Female,None
346,1955,695,Refugee,2013,Female,Indigenous_Metis
347,1985,970,Refugee,2018,Male,Black
348,1966,163,Citizen_BornInCanada,2019,Male,None
349,1957,998,Refugee,2015,Non-Binary,Indigenous_Metis
350,1972,117,Worker_Visa,2009,Female,Indigenous_FirstNations
351,1967,26,Refugee_Claimant,2022,Female,Visible_Minority
352,2000,1,Student_Visa,2017,Female,Veteran
353,1988,586,Permanent_Resident,2007,Transgender,Indigenous_Metis
354,2005,849,Citizen_BornInCanada,2015,Other,None
355,1962,238,Permanent_Resident,2022,Female,Indigenous_Inuit
356,2001,134,Citizen_BornInCanada,2019,Male,None
357,2003,949,Citizen_BornInCanada,2008,Female,None
358,2005,172,Refugee,2006,Male,Indigenous_Metis
359,1952,696,Worker_Visa,2013,Non-Binary,Indigenous_FirstNations
360,1969,194,Worker_Visa,2008,Male,Indigenous_FirstNations
361,1992,282,Refugee_Claimant,2017,Male,Visible_Minority
362,1966,495,Refugee_Claimant,2017,Non-Binary,Visible_Minority
363,1998,170,Worker_Visa,2007,Female,Indigenous_FirstNations
364,1958,172,Permanent_Resident,2011,Other,Indigenous_Inuit
365,1990,25,Refugee,2012,Male,Black
366,1962,340,Refugee_Claimant,2007,Male,Visible_Minority
367,1996,412,Worker_Visa,2019,Female,Indigenous_FirstNations
368,1980,700,Refugee,2019,Female,Indigenous_Metis
369,1961,287,Worker_Visa,2021,Male,Indigenous_FirstNations
370,1993,730,Refugee_Claimant,2008,Female,Visible_Minority
371,1992,555,Refugee,2018,Female,Black
372,2002,163,Refugee_Claimant,2007,Female,Black
373,1997,641,Citizen_BornInCanada,2013,Male,None
374,1975,257,Worker_Visa,2012,Female,Indigenous_FirstNations
375,1957,657,Refugee_Claimant,2012,Non-Binary,Visible_Minority
376,2001,298,Worker_Visa,2013,Male,Indigenous_FirstNations
377,1966,723,Worker_Visa,2019,Non-Binary,Indigenous_FirstNations
378,1972,930,Refugee_Claimant,2009,Female,Black
379,1988,187,Permanent_Resident,2007,Female,Indigenous_Inuit
380,1978,55,Refugee_Claimant,2011,Non-Binary,Visible_Minority
381,1961,949,Worker_Visa,2016,Male,Indigenous_FirstNations
382,1969,185,Permanent_Resident,2008,Non-Binary,Indigenous_Metis
383,1992,19,Permanent_Resident,2017,Male,Indigenous_Inuit
384,1998,839,Refugee,2007,Female,Indigenous_Metis
385,1966,797,Citizen_BornInCanada,2013,Female,None
386,1983,446,Citizen_BornInCanada,2021,Non-Binary,None
387,1977,933,Student_Visa,2014,Non-Binary,Veteran
388,1984,145,Student_Visa,2006,Other,Veteran
389,1958,130,Permanent_Resident,2011,Male,Indigenous_Inuit
390,1952,458,Permanent_Resident,2012,Male,Indigenous_Metis
391,1990,883,Permanent_Resident,2012,Female,Indigenous_Inuit
392,1998,11,Student_Visa,2018,Male,Indigenous_FirstNations
393,1962,232,Permanent_Resident,2007,Male,Indigenous_Inuit
394,1969,465,Citizen_BornInCanada,2021,Male,None
395,1953,779,Refugee,2021,Male,Black
396,1994,711,Citizen_BornInCanada,2006,Other,None
397,1996,239,Permanent_Resident,2019,Female,Indigenous_Metis
398,1995,424,Refugee_Claimant,2010,Female,Visible_Minority
399,1991,778,Worker_Visa,2021,Female,Indigenous_FirstNations
400,1991,250,Refugee,2018,Male,Indigenous_Metis
401,1980,10,Refugee,2019,Transgender,Black
402,2002,898,Citizen_BornInCanada,2007,Male,None
403,1982,996,Citizen_BornInCanada,2012,Male,None
404,1978,197,Refugee_Claimant,2013,Transgender,Black
405,1992,309,Permanent_Resident,2018,Female,Indigenous_Metis
406,1985,922,Citizen_BornInCanada,2017,Male,None
407,1997,897,Refugee_Claimant,2013,Female,Visible_Minority
408,1995,793,Refugee,2012,Non-Binary,Indigenous_Metis
409,1975,699,Citizen_BornInCanada,2012,Male,None
410,1978,505,Refugee,2011,Female,Indigenous_Metis
411,1981,893,Citizen_BornInCanada,2013,Transgender,None
412,1961,228,Refugee,2008,Male,Indigenous_Metis
413,1961,773,Citizen_BornInCanada,2016,Female,None
414,1966,180,Citizen_BornInCanada,2013,Transgender,None
415,1981,290,Citizen_BornInCanada,2016,Transgender,None
416,2005,934,Permanent_Resident,2020,Transgender,Indigenous_Inuit
417,1983,50,Refugee,2021,Non-Binary,Indigenous_Metis
418,1996,76,Refugee,2022,Female,Black
419,1977,264,Permanent_Resident,2014,Male,Indigenous_Inuit
420,1984,376,Permanent_Resident,2006,Female,Indigenous_Inuit
421,1956,86,Worker_Visa,2010,Other,Indigenous_FirstNations
422,1956,553,Citizen_BornInCanada,2018,Transgender,None
423,1952,927,Citizen_BornInCanada,2012,Male,None
424,2004,554,Refugee_Claimant,2015,Other,Black
425,1985,123,Refugee,2016,Female,Indigenous_Metis
426,1985,316,Refugee_Claimant,2011,Transgender,Black
427,1998,311,Permanent_Resident,2018,Transgender,Indigenous_Inuit
428,1954,921,Student_Visa,2013,Non-Binary,Indigenous_FirstNations
429,2000,500,Refugee,2011,Other,Black
430,1969,846,Refugee,2021,Male,Black
431,1953,293,Refugee,2021,Male,Black
432,2002,851,Citizen_BornInCanada,2011,Male,None
433,1961,204,Refugee_Claimant,2019,Other,Black
434,1966,675,Student_Visa,2011,Female,Indigenous_FirstNations
435,1982,437,Citizen_BornInCanada,2017,Transgender,None
436,1986,744,Student_Visa,2018,Other,Veteran
437,1994,726,Citizen_BornInCanada,2006,Female,None
438,1983,910,Refugee_Claimant,2020,Male,Visible_Minority
439,1986,415,Citizen_BornInCanada,2022,Female,None
440,1995,405,Student_Visa,2010,Female,Indigenous_FirstNations
441,1991,868,Refugee,2021,Female,Indigenous_Metis
442,1998,579,Refugee,2015,Non-Binary,Indigenous_Metis
443,1990,317,Refugee,2014,Transgender,Black
444,1991,139,Student_Visa,2018,Other,Veteran
445,1959,875,Permanent_Resident,2015,Male,Indigenous_Inuit
446,2002,12,Worker_Visa,2007,Other,Indigenous_FirstNations
447,1982,679,Refugee_Claimant,2012,Female,Visible_Minority
448,1965,954,Citizen_BornInCanada,2017,Non-Binary,None
449,1979,997,Citizen_BornInCanada,2018,Female,None
450,1978,663,Citizen_BornInCanada,2013,Male,None
451,1985,897,Refugee_Claimant,2017,Male,Visible_Minority
452,1995,467,Refugee_Claimant,2012,Other,Veteran
453,1956,617,Refugee,2006,Male,Indigenous_Metis
454,1967,869,Refugee_Claimant,2012,Other,Visible_Minority
455,1981,203,Refugee,2013,Male,Black
456,1961,714,Refugee,2008,Other,Indigenous_Metis
457,1981,579,Worker_Visa,2016,Male,Indigenous_FirstNations
458,1953,465,Refugee,2008,Male,Black
459,2005,799,Citizen_BornInCanada,2020,Male,None
460,1996,953,Refugee_Claimant,2022,Female,Visible_Minority
461,1954,956,Refugee_Claimant,2013,Female,Visible_Minority
462,1978,705,Worker_Visa,2016,Male,Indigenous_FirstNations
463,1980,161,Student_Visa,2006,Non-Binary,Indigenous_FirstNations
464,1956,277,Refugee_Claimant,2010,Female,Visible_Minority
465,1955,106,Student_Visa,2007,Female,Veteran
466,2004,412,Worker_Visa,2021,Other,Indigenous_FirstNations
467,1956,235,Student_Visa,2018,Female,Veteran
468,2004,607,Permanent_Resident,2015,Female,Indigenous_Inuit
469,1989,441,Worker_Visa,2014,Other,Indigenous_FirstNations
470,1985,684,Citizen_BornInCanada,2016,Other,None
471,1985,363,Citizen_BornInCanada,2011,Male,None
472,1988,890,Refugee_Claimant,2010,Other,Visible_Minority
473,1954,252,Refugee,2013,Female,Black
474,2000,39,Refugee,2011,Male,Indigenous_Metis
475,1962,127,Worker_Visa,2013,Non-Binary,Indigenous_FirstNations
476,2005,369,Refugee,2009,Male,Black
477,2002,953,Refugee,2011,Male,Black
478,1953,534,Permanent_Resident,2007,Male,Indigenous_Inuit
479,1973,569,Permanent_Resident,2008,Other,Indigenous_Metis
480,1961,483,Refugee,2019,Other,Black
481,1966,757,Worker_Visa,2011,Male,Indigenous_FirstNations
482,1973,194,Permanent_Resident,2007,Female,Indigenous_Inuit
483,1982,436,Refugee_Claimant,2017,Non-Binary,Visible_Minority
484,1964,958,Permanent_Resident,2020,Male,Indigenous_Metis
485,1991,825,Refugee_Claimant,2008,Male,Visible_Minority
486,1986,379,Refugee_Claimant,2018,Male,Visible_Minority
487,1959,407,Refugee_Claimant,2006,Non-Binary,Visible_Minority
488,1974,651,Worker_Visa,2012,Male,Indigenous_FirstNations
489,1955,256,Refugee,2006,Non-Binary,Indigenous_Metis
490,1984,596,Refugee_Claimant,2015,Other,Visible_Minority
491,1983,637,Worker_Visa,2020,Female,Indigenous_FirstNations
492,1986,336,Refugee_Claimant,2022,Non-Binary,Visible_Minority
493,1958,868,Refugee,2015,Other,Black
494,1998,438,Permanent_Resident,2015,Transgender,Indigenous_Inuit
495,1964,538,Citizen_BornInCanada,2008,Non-Binary,None
496,1969,6,Refugee,2016,Male,Black
497,1977,766,Refugee,2015,Female,Black
498,1951,766,Worker_Visa,2009,Male,Indigenous_FirstNations
499,1990,325,Citizen_BornInCanada,2014,Male,None
500,1959,278,Permanent_Resident,2015,Other,Indigenous_Inuit
501,1969,144,Citizen_BornInCanada,2012,Non-Binary,None
502,1965,799,Refugee,2017,Non-Binary,Indigenous_Metis
503,1978,541,Citizen_BornInCanada,2013,Male,None
504,1979,832,Worker_Visa,2018,Non-Binary,Indigenous_FirstNations
505,1994,123,Citizen_BornInCanada,2020,Female,None
506,1956,923,Citizen_BornInCanada,2006,Other,None
507,1967,849,Permanent_Resident,2012,Non-Binary,Indigenous_Inuit
508,1953,619,Citizen_BornInCanada,2008,Female,None
509,1954,643,Refugee_Claimant,2013,Other,Visible_Minority
510,1978,165,Citizen_BornInCanada,2016,Female,None
511,1951,46,Worker_Visa,2018,Male,Indigenous_FirstNations
512,1974,618,Refugee_Claimant,2007,Female,Black
513,1980,941,Citizen_BornInCanada,2006,Female,None
514,1955,364,Refugee_Claimant,2007,Male,Visible_Minority
515,2004,204,Student_Visa,2021,Other,Veteran
516,1987,850,Refugee,2020,Female,Black
517,1953,636,Citizen_BornInCanada,2016,Other,None
518,1989,789,Refugee,2014,Female,Black
519,1988,541,Worker_Visa,2010,Female,Indigenous_FirstNations
520,1981,992,Citizen_BornInCanada,2012,Male,None
521,1999,309,Permanent_Resident,2022,Female,Indigenous_Inuit
522,1961,207,Student_Visa,2014,Male,Veteran
523,1962,363,Worker_Visa,2013,Male,Indigenous_FirstNations
524,1977,914,Citizen_BornInCanada,2017,Transgender,None
525,2005,739,Permanent_Resident,2009,Female,None
526,1953,956,Refugee,2007,Male,Black
527,1964,277,Permanent_Resident,2020,Male,Indigenous_Inuit
528,1973,868,Permanent_Resident,2008,Male,None
529,1991,80,Permanent_Resident,2015,Non-Binary,Indigenous_Inuit
530,1965,190,Refugee,2015,Non-Binary,Black
531,1973,238,Student_Visa,2007,Female,Indigenous_FirstNations
532,1964,124,Refugee,2020,Male,Black
533,1991,303,Permanent_Resident,2008,Other,Indigenous_Inuit
534,1959,15,Citizen_BornInCanada,2006,Transgender,None
535,1974,718,Refugee,2012,Female,Indigenous_Metis
536,1955,346,Refugee,2006,Male,Black
537,1959,555,Citizen_BornInCanada,2021,Male,None
538,1971,710,Refugee_Claimant,2014,Other,Visible_Minority
539,1984,628,Permanent_Resident,2015,Female,Indigenous_Inuit
540,1958,569,Refugee_Claimant,2015,Female,Visible_Minority
541,2000,319,Refugee,2016,Male,Black
542,1964,433,Refugee_Claimant,2008,Female,Visible_Minority
543,1993,816,Permanent_Resident,2018,Male,Indigenous_Inuit
544,1969,555,Permanent_Resident,2016,Female,Indigenous_Metis
545,1961,836,Student_Visa,2007,Male,Veteran
546,2000,360,Permanent_Resident,2019,Male,Indigenous_Inuit
547,1958,16,Refugee,2014,Female,Black
548,1977,312,Refugee_Claimant,2015,Female,Visible_Minority
549,1992,452,Refugee,2016,Other,Black
550,1984,479,Refugee_Claimant,2014,Female,Black
551,1975,717,Permanent_Resident,2020,Female,Indigenous_Inuit
552,1958,817,Citizen_BornInCanada,2015,Female,None
553,1968,282,Citizen_BornInCanada,2013,Male,None
554,1951,433,Worker_Visa,2009,Female,Indigenous_FirstNations
555,1969,678,Citizen_BornInCanada,2012,Transgender,None
556,1978,626,Citizen_BornInCanada,2013,Female,None
557,1994,306,Refugee,2020,Male,Black
558,1994,451,Student_Visa,2006,Male,Veteran
559,1951,542,Refugee_Claimant,2018,Male,Visible_Minority
560,1978,60,Refugee,2006,Other,Black
561,1995,929,Refugee_Claimant,2013,Other,Visible_Minority
562,1997,978,Citizen_BornInCanada,2006,Female,None
563,1962,825,Refugee_Claimant,2013,Transgender,Visible_Minority
564,1984,288,Permanent_Resident,2008,Male,None
565,1992,161,Citizen_BornInCanada,2017,Non-Binary,None
566,1974,735,Permanent_Resident,2007,Transgender,Indigenous_Inuit
567,1987,589,Permanent_Resident,2020,Female,Indigenous_Metis
568,1953,314,Citizen_BornInCanada,2016,Female,None
569,1981,196,Permanent_Resident,2012,Other,Indigenous_Inuit
570,1982,249,Permanent_Resident,2016,Male,Indigenous_Inuit
571,1999,71,Permanent_Resident,2022,Male,Indigenous_Inuit
572,1961,232,Refugee,2014,Non-Binary,Black
573,1996,551,Citizen_BornInCanada,2014,Male,None
574,1977,644,Citizen_BornInCanada,2017,Male,None
575,1996,862,Refugee_Claimant,2022,Transgender,Black
576,1978,445,Refugee,2007,Female,Black
577,2004,261,Refugee,2018,Female,Black
578,1971,454,Refugee,2014,Female,Black
579,1956,544,Permanent_Resident,2020,Female,Indigenous_Metis
580,1964,357,Worker_Visa,2020,Male,Indigenous_FirstNations
581,1966,138,Worker_Visa,2019,Other,Indigenous_FirstNations
582,1997,516,Refugee,2015,Other,Black
583,1991,925,Refugee_Claimant,2015,Male,Visible_Minority
584,1956,239,Refugee_Claimant,2017,Transgender,Visible_Minority
585,1965,828,Citizen_BornInCanada,2015,Male,None
586,1967,600,Refugee_Claimant,2012,Male,Visible_Minority
587,1959,981,Refugee,2021,Female,Black
588,2004,148,Permanent_Resident,2021,Female,Indigenous_Inuit
589,1971,93,Citizen_BornInCanada,2014,Male,None
590,1979,138,Citizen_BornInCanada,2013,Male,None
591,1964,932,Citizen_BornInCanada,2009,Female,None
592,2000,647,Permanent_Resident,2016,Female,Indigenous_Metis
593,1993,916,Citizen_BornInCanada,2018,Other,None
594,1981,238,Refugee_Claimant,2013,Male,Visible_Minority
595,1994,157,Citizen_BornInCanada,2007,Female,None
596,1961,782,Refugee,2007,Female,Indigenous_Metis
597,2000,513,Worker_Visa,2019,Non-Binary,Indigenous_FirstNations
598,1958,681,Citizen_BornInCanada,2014,Female,None
599,1992,406,Permanent_Resident,2016,Female,None
600,1984,642,Refugee,2014,Female,Black
601,1969,593,Worker_Visa,2006,Male,Indigenous_FirstNations
602,1975,346,Permanent_Resident,2020,Female,Indigenous_Inuit
603,1958,713,Refugee,2015,Female,Black
604,1995,70,Citizen_BornInCanada,2019,Transgender,None
605,1968,58,Permanent_Resident,2013,Non-Binary,Indigenous_Inuit
606,1989,499,Refugee_Claimant,2006,Non-Binary,Visible_Minority
607,1994,694,Worker_Visa,2006,Male,Indigenous_FirstNations
608,1999,331,Student_Visa,2022,Non-Binary,Veteran
609,1978,210,Permanent_Resident,2006,Female,Indigenous_Inuit
610,1995,169,Refugee,2013,Female,Indigenous_Metis
611,1997,905,Refugee_Claimant,2006,Female,Visible_Minority
612,1962,67,Worker_Visa,2013,Other,Indigenous_FirstNations
613,1984,588,Refugee,2008,Other,Black
614,1992,212,Refugee_Claimant,2017,Transgender,Visible_Minority
615,1982,324,Refugee_Claimant,2016,Female,Black
616,1996,437,Citizen_BornInCanada,2014,Male,None
617,1996,124,Citizen_BornInCanada,2022,Female,None
618,1978,504,Worker_Visa,2007,Other,Indigenous_FirstNations
619,2004,777,Citizen_BornInCanada,2018,Male,None
620,1971,226,Permanent_Resident,2017,Non-Binary,Indigenous_Inuit
621,1971,152,Refugee_Claimant,2014,Female,Visible_Minority
622,1956,268,Citizen_BornInCanada,2019,Female,None
623,1956,223,Citizen_BornInCanada,2020,Female,None
624,1966,756,Citizen_BornInCanada,2019,Male,None
625,1959,321,Permanent_Resident,2007,Female,Indigenous_Inuit
626,1999,734,Student_Visa,2019,Male,Indigenous_FirstNations
627,1979,552,Refugee,2017,Female,Black
628,1988,399,Refugee,2017,Male,Indigenous_Metis
629,1997,915,Citizen_BornInCanada,2015,Male,None
630,2001,971,Citizen_BornInCanada,2012,Other,None
631,1977,420,Refugee_Claimant,2020,Male,Black
632,1956,148,Refugee,2016,Non-Binary,Black
633,1956,440,Permanent_Resident,2017,Other,Indigenous_Inuit
634,2003,441,Student_Visa,2013,Female,Indigenous_FirstNations
635,1967,939,Citizen_BornInCanada,2012,Non-Binary,None
636,2004,613,Refugee_Claimant,2021,Female,Black
637,1979,502,Citizen_BornInCanada,2013,Non-Binary,None
638,1964,116,Refugee_Claimant,2009,Female,Black
639,1951,595,Permanent_Resident,2010,Male,Indigenous_Metis
640,1981,926,Permanent_Resident,2013,Female,Indigenous_Metis
641,1994,3,Worker_Visa,2007,Non-Binary,Indigenous_FirstNations
642,1951,372,Refugee_Claimant,2016,Other,Visible_Minority
643,1969,957,Worker_Visa,2006,Transgender,Indigenous_FirstNations
644,1995,34,Refugee,2019,Female,Black
645,1989,536,Refugee,2006,Male,Black
646,1956,462,Citizen_BornInCanada,2010,Male,None
647,1992,929,Worker_Visa,2017,Male,Indigenous_FirstNations
648,1999,408,Permanent_Resident,2022,Male,None
649,1978,524,Citizen_BornInCanada,2014,Male,None
650,1971,947,Student_Visa,2017,Female,Indigenous_FirstNations
651,1977,908,Citizen_BornInCanada,2008,Female,None
652,1992,768,Worker_Visa,2009,Male,Indigenous_FirstNations
653,1965,725,Worker_Visa,2016,Male,Indigenous_FirstNations
654,1981,844,Worker_Visa,2012,Male,Indigenous_FirstNations
655,1995,510,Refugee_Claimant,2015,Female,Visible_Minority
656,1956,488,Worker_Visa,2019,Female,Indigenous_FirstNations
657,1959,199,Permanent_Resident,2007,Female,Indigenous_Inuit
658,1982,511,Refugee,2022,Transgender,Indigenous_Metis
659,1984,681,Worker_Visa,2006,Female,Indigenous_FirstNations
660,1984,603,Refugee,2011,Transgender,Black
661,1999,910,Permanent_Resident,2019,Female,Indigenous_Inuit
662,2000,748,Refugee,2009,Transgender,Black
663,1979,871,Refugee_Claimant,2017,Male,Visible_Minority
664,1974,52,Citizen_BornInCanada,2008,Male,None
665,1988,415,Refugee_Claimant,2012,Male,Visible_Minority
666,1988,183,Citizen_BornInCanada,2017,Other,None
667,1963,886,Refugee_Claimant,2017,Male,Visible_Minority
668,1952,251,Refugee,2008,Female,Black
669,2001,106,Refugee_Claimant,2012,Transgender,Visible_Minority
670,1977,648,Worker_Visa,2020,Female,Indigenous_FirstNations
671,1959,176,Citizen_BornInCanada,2009,Female,None
672,1959,954,Refugee_Claimant,2015,Non-Binary,Black
673,1956,865,Refugee_Claimant,2016,Female,Black
674,2003,284,Refugee_Claimant,2013,Transgender,Visible_Minority
675,1990,570,Refugee,2016,Transgender,Indigenous_Metis
676,1986,490,Citizen_BornInCanada,2021,Non-Binary,None
677,1987,750,Citizen_BornInCanada,2012,Female,None
678,1978,720,Refugee,2009,Male,Black
679,1951,870,Refugee,2010,Female,Black
680,1966,363,Citizen_BornInCanada,2022,Female,None
681,1958,48,Worker_Visa,2012,Female,Indigenous_FirstNations
682,1951,141,Citizen_BornInCanada,2016,Male,None
683,1966,730,Permanent_Resident,2008,Female,Indigenous_Inuit
684,1974,354,Citizen_BornInCanada,2022,Male,None
685,1967,690,Worker_Visa,2016,Female,Indigenous_FirstNations
686,1964,882,Refugee_Claimant,2010,Male,Visible_Minority
687,1956,631,Refugee,2010,Female,Black
688,1972,747,Permanent_Resident,2015,Male,Indigenous_Inuit
689,1992,676,Citizen_BornInCanada,2017,Female,None
690,1978,900,Citizen_BornInCanada,2014,Male,None
691,1994,327,Permanent_Resident,2021,Female,Indigenous_Metis
692,1977,585,Refugee_Claimant,2008,Male,Black
693,1992,735,Refugee_Claimant,2009,Female,Visible_Minority
694,1965,41,Worker_Visa,2016,Transgender,Indigenous_FirstNations
695,1981,724,Citizen_BornInCanada,2012,Female,None
696,1982,540,Refugee,2013,Male,Indigenous_Metis
697,1995,70,Worker_Visa,2021,Female,Indigenous_FirstNations
698,1987,401,Student_Visa,2019,Non-Binary,Veteran
699,1995,825,Refugee_Claimant,2015,Female,Visible_Minority
700,1960,247,Refugee,2012,Female,Black
701,1975,776,Permanent_Resident,2020,Other,Indigenous_Metis
702,1982,333,Permanent_Resident,2022,Female,Indigenous_Inuit
703,1958,381,Refugee,2013,Male,Black
704,1984,966,Citizen_BornInCanada,2006,Male,None
705,1984,873,Refugee_Claimant,2011,Transgender,Visible_Minority
706,1992,397,Refugee,2010,Male,Black
707,1983,302,Permanent_Resident,2006,Female,Indigenous_Inuit
708,1995,48,Permanent_Resident,2009,Male,Indigenous_Inuit
709,2003,638,Refugee,2013,Female,Black
710,2000,355,Refugee_Claimant,2009,Female,Visible_Minority
711,1974,978,Student_Visa,2008,Female,Veteran
712,1988,805,Refugee_Claimant,2012,Male,Visible_Minority
713,1963,983,Worker_Visa,2017,Non-Binary,Indigenous_FirstNations
714,1952,343,Refugee_Claimant,2008,Female,Visible_Minority
715,1959,265,Refugee,2009,Other,Black
716,1959,191,Citizen_BornInCanada,2015,Female,None
717,1969,815,Citizen_BornInCanada,2013,Female,None
718,1989,602,Refugee,2006,Female,Black
719,1955,957,Citizen_BornInCanada,2019,Non-Binary,None
720,1990,702,Citizen_BornInCanada,2016,Female,None
721,1968,562,Refugee,2008,Male,Black
722,1953,166,Permanent_Resident,2016,Female,Indigenous_Inuit
723,1986,904,Refugee,2021,Male,Black
724,1977,452,Refugee,2011,Female,Black
725,1987,487,Refugee_Claimant,2012,Male,Black
726,1972,183,Refugee,2012,Female,Black
727,1968,692,Student_Visa,2022,Male,Indigenous_FirstNations
728,1978,691,Refugee_Claimant,2009,Male,Visible_Minority
729,1960,397,Refugee_Claimant,2021,Male,Black
730,1973,593,Citizen_BornInCanada,2010,Male,None
731,1966,799,Citizen_BornInCanada,2022,Female,None
732,1958,495,Citizen_BornInCanada,2012,Non-Binary,None
733,1966,827,Refugee_Claimant,2008,Female,Visible_Minority
734,1974,147,Worker_Visa,2022,Other,Indigenous_FirstNations
735,1967,433,Student_Visa,2016,Other,Veteran
736,1964,942,Refugee_Claimant,2010,Female,Visible_Minority
737,1954,91,Refugee_Claimant,2006,Female,Visible_Minority
738,1972,246,Citizen_BornInCanada,2015,Other,None
739,1994,248,Refugee,2021,Female,Indigenous_Metis
740,1952,956,Permanent_Resident,2018,Female,Indigenous_Metis
741,1974,803,Permanent_Resident,2008,Female,Indigenous_Inuit
742,1994,443,Permanent_Resident,2008,Other,Indigenous_Inuit
743,1979,978,Student_Visa,2018,Female,Indigenous_FirstNations
744,1982,686,Refugee,2013,Male,Indigenous_Metis
745,1960,313,Permanent_Resident,2007,Male,Indigenous_Inuit
746,1987,210,Refugee_Claimant,2019,Other,Black
747,1995,373,Refugee_Claimant,2021,Male,Black
748,1988,971,Citizen_BornInCanada,2014,Transgender,None
749,1987,4,Refugee,2019,Other,Indigenous_Metis
750,1960,742,Worker_Visa,2012,Transgender,Indigenous_FirstNations
751,1975,914,Citizen_BornInCanada,2020,Female,None
752,1992,285,Refugee,2010,Female,Indigenous_Metis
753,1966,902,Refugee_Claimant,2022,Female,Black
754,1958,814,Refugee_Claimant,2013,Other,Black
755,1985,542,Worker_Visa,2010,Male,Indigenous_FirstNations
756,1992,232,Citizen_BornInCanada,2010,Female,None
757,1983,379,Student_Visa,2006,Female,Veteran
758,1972,49,Worker_Visa,2018,Male,Indigenous_FirstNations
759,1995,572,Refugee,2009,Female,Black
760,2003,163,Permanent_Resident,2013,Other,Indigenous_Inuit
761,1965,493,Refugee_Claimant,2015,Female,Visible_Minority
762,1969,792,Refugee_Claimant,2013,Male,Visible_Minority
763,1980,221,Refugee_Claimant,2019,Other,Black
764,1989,662,Refugee,2006,Female,Black
765,1955,929,Refugee_Claimant,2019,Male,Visible_Minority
766,2003,217,Refugee_Claimant,2008,Male,Visible_Minority
767,1968,958,Worker_Visa,2008,Female,Indigenous_FirstNations
768,1953,221,Worker_Visa,2016,Male,Indigenous_FirstNations
769,1991,5,Student_Visa,2009,Male,Indigenous_FirstNations
770,1953,435,Student_Visa,2008,Non-Binary,Veteran
771,1977,424,Refugee,2011,Transgender,Indigenous_Metis
772,1972,558,Citizen_BornInCanada,2012,Transgender,None
773,1968,357,Citizen_BornInCanada,2022,Female,None
774,1960,300,Student_Visa,2021,Non-Binary,Veteran
775,1967,867,Refugee_Claimant,2009,Female,Visible_Minority
776,1973,31,Citizen_BornInCanada,2010,Female,None
777,1983,308,Refugee,2013,Non-Binary,Black
778,1954,415,Citizen_BornInCanada,2006,Female,None
779,1952,317,Permanent_Resident,2018,Female,Indigenous_Inuit
780,1982,24,Worker_Visa,2008,Female,Indigenous_FirstNations
781,1974,508,Student_Visa,2008,Female,Veteran
782,1999,160,Student_Visa,2007,Female,Veteran
783,1978,969,Permanent_Resident,2015,Other,None
784,1994,189,Refugee_Claimant,2008,Male,Visible_Minority
785,1979,920,Refugee_Claimant,2018,Male,Visible_Minority
786,1956,84,Refugee,2018,Male,Black
787,2003,246,Refugee,2011,Female,Black
788,1989,283,Citizen_BornInCanada,2011,Other,None
789,1960,898,Citizen_BornInCanada,2007,Male,None
790,1987,15,Refugee_Claimant,2019,Other,Veteran
791,1988,789,Student_Visa,2007,Female,Veteran
792,1988,58,Refugee_Claimant,2014,Female,Visible_Minority
793,1992,397,Refugee_Claimant,2010,Other,Visible_Minority
794,1955,693,Citizen_BornInCanada,2014,Male,None
795,1966,394,Refugee_Claimant,2022,Female,Visible_Minority
796,2004,436,Refugee_Claimant,2019,Other,Visible_Minority
797,1966,41,Refugee_Claimant,2020,Other,Visible_Minority
798,1970,500,Refugee,2014,Other,Indigenous_Metis
799,1985,8,Refugee_Claimant,2010,Transgender,Visible_Minority
800,1972,265,Refugee_Claimant,2018,Female,Black
801,1988,924,Refugee_Claimant,2009,Female,Visible_Minority
802,1988,334,Refugee_Claimant,2009,Female,Black
803,1984,200,Citizen_BornInCanada,2021,Male,None
804,1965,626,Refugee_Claimant,2015,Female,Black
805,1981,913,Refugee,2012,Non-Binary,Black
806,1980,113,Citizen_BornInCanada,2019,Male,None
807,1975,281,Permanent_Resident,2021,Male,Indigenous_Inuit
808,2003,624,Refugee_Claimant,2008,Female,Visible_Minority
809,1960,98,Student_Visa,2006,Male,Veteran
810,1991,773,Refugee_Claimant,2009,Female,Visible_Minority
811,1953,53,Refugee,2008,Male,Black
812,1997,822,Refugee_Claimant,2014,Transgender,Visible_Minority
813,1960,683,Refugee,2006,Other,Black
814,1955,775,Refugee,2015,Female,Black
815,1967,718,Refugee,2009,Male,Black
816,1983,943,Worker_Visa,2013,Transgender,Indigenous_FirstNations
817,1982,545,Refugee,2008,Male,Indigenous_Metis
818,1999,597,Worker_Visa,2007,Other,Indigenous_FirstNations
819,1979,133,Refugee_Claimant,2020,Non-Binary,Visible_Minority
820,1978,724,Citizen_BornInCanada,2015,Transgender,None
821,2000,437,Citizen_BornInCanada,2017,Female,None
822,1995,724,Student_Visa,2022,Female,Veteran
823,1956,654,Worker_Visa,2018,Male,Indigenous_FirstNations
824,1966,782,Citizen_BornInCanada,2017,Transgender,None
825,1988,716,Citizen_BornInCanada,2020,Female,None
826,1975,908,Refugee_Claimant,2012,Female,Black
827,1999,460,Permanent_Resident,2008,Other,Indigenous_Metis
828,2005,432,Worker_Visa,2009,Female,Indigenous_FirstNations
829,1952,20,Citizen_BornInCanada,2010,Male,None
830,2003,785,Citizen_BornInCanada,2011,Other,None
831,1994,885,Refugee,2015,Other,Black
832,1989,554,Citizen_BornInCanada,2011,Female,None
833,1974,608,Permanent_Resident,2006,Transgender,Indigenous_Inuit
834,1972,1000,Refugee_Claimant,2015,Non-Binary,Visible_Minority
835,1996,579,Permanent_Resident,2022,Female,Indigenous_Inuit
836,1988,438,Citizen_BornInCanada,2007,Male,None
837,1955,183,Refugee_Claimant,2014,Male,Visible_Minority
838,2004,605,Refugee_Claimant,2019,Female,Visible_Minority
839,2004,462,Citizen_BornInCanada,2012,Other,None
840,1966,578,Refugee,2010,Female,Black
841,1985,415,Permanent_Resident,2021,Male,None
842,1966,397,Refugee_Claimant,2020,Female,Visible_Minority
843,1970,949,Permanent_Resident,2014,Female,Indigenous_Inuit
844,1951,802,Permanent_Resident,2013,Other,Indigenous_Inuit
845,1992,834,Permanent_Resident,2009,Female,Indigenous_Inuit
846,1988,883,Citizen_BornInCanada,2009,Female,None
847,1988,232,Citizen_BornInCanada,2009,Female,None
848,1984,185,Citizen_BornInCanada,2021,Male,None
849,1963,239,Refugee_Claimant,2014,Female,Visible_Minority
850,1960,934,Refugee_Claimant,2021,Transgender,Visible_Minority
851,1981,778,Citizen_BornInCanada,2012,Male,None
852,1975,138,Refugee_Claimant,2021,Non-Binary,Visible_Minority
853,1960,52,Refugee_Claimant,2006,Male,Visible_Minority
854,1997,373,Refugee_Claimant,2014,Non-Binary,Visible_Minority
855,1965,10,Refugee,2007,Other,Black
856,1968,586,Student_Visa,2020,Non-Binary,Veteran
857,1966,823,Refugee_Claimant,2007,Male,Visible_Minority
858,1960,538,Citizen_BornInCanada,2006,Other,None
859,1995,829,Refugee,2014,Female,Black
860,1955,652,Student_Visa,2015,Other,Veteran
861,1979,64,Student_Visa,2020,Other,Veteran
862,2002,155,Permanent_Resident,2019,Male,Indigenous_Metis
863,1967,141,Refugee_Claimant,2006,Male,Black
864,1978,254,Refugee_Claimant,2011,Female,Visible_Minority
865,1979,190,Citizen_BornInCanada,2020,Non-Binary,None
866,1996,337,Refugee,2011,Female,Black
867,1974,743,Refugee,2010,Transgender,Black
868,1977,930,Worker_Visa,2006,Male,Indigenous_FirstNations
869,1953,484,Citizen_BornInCanada,2019,Male,None
870,2000,115,Permanent_Resident,2017,Female,Indigenous_Inuit
871,1995,72,Permanent_Resident,2022,Transgender,None
872,1974,909,Refugee_Claimant,2016,Transgender,Visible_Minority
873,1970,781,Refugee_Claimant,2014,Male,Visible_Minority
874,1966,772,Citizen_BornInCanada,2010,Female,None
875,1966,291,Refugee_Claimant,2017,Female,Veteran
876,1988,600,Permanent_Resident,2020,Female,Indigenous_Inuit
877,1975,321,Refugee,2012,Female,Black
878,1999,96,Refugee_Claimant,2008,Female,Visible_Minority
879,1975,238,Refugee_Claimant,2012,Female,Visible_Minority
880,1951,145,Worker_Visa,2014,Female,Indigenous_FirstNations
881,2005,925,Refugee,2009,Transgender,Black
882,1952,179,Citizen_BornInCanada,2010,Female,None
883,1994,979,Permanent_Resident,2015,Transgender,Indigenous_Inuit
884,1974,58,Refugee,2006,Male,Indigenous_Metis
885,1952,677,Worker_Visa,2018,Female,Indigenous_FirstNations
886,1972,422,Refugee_Claimant,2015,Non-Binary,Visible_Minority
887,1972,78,Permanent_Resident,2012,Female,Indigenous_Inuit
888,2001,998,Refugee_Claimant,2008,Female,Black
889,1965,146,Citizen_BornInCanada,2020,Male,None
890,2001,710,Refugee,2011,Other,Black
891,2004,243,Refugee,2014,Other,Black
892,1996,948,Refugee,2022,Female,Black
893,2004,76,Citizen_BornInCanada,2012,Female,None
894,1966,358,Refugee,2010,Female,Indigenous_Metis
895,1985,707,Refugee_Claimant,2021,Male,Visible_Minority
896,1951,303,Worker_Visa,2013,Female,Indigenous_FirstNations
897,1992,853,Citizen_BornInCanada,2009,Other,None
898,1997,400,Refugee,2012,Female,Black
899,1963,480,Citizen_BornInCanada,2014,Female,None
900,1967,393,Refugee_Claimant,2012,Female,Visible_Minority
901,1999,434,Refugee,2009,Female,Black
902,1960,802,Permanent_Resident,2021,Female,Indigenous_Inuit
903,1965,228,Worker_Visa,2007,Non-Binary,Indigenous_FirstNations
904,1968,510,Refugee,2020,Non-Binary,Indigenous_Metis
905,1966,640,Refugee,2007,Other,Black
906,1995,310,Refugee,2014,Male,Black
907,2002,796,Citizen_BornInCanada,2019,Other,None
908,2003,21,Refugee_Claimant,2016,Non-Binary,Black
909,2001,253,Student_Visa,2022,Transgender,Indigenous_FirstNations
910,1967,231,Citizen_BornInCanada,2006,Transgender,None
911,2003,800,Permanent_Resident,2019,Female,None
912,1951,237,Worker_Visa,2020,Other,Indigenous_FirstNations
913,1957,332,Permanent_Resident,2008,Female,Indigenous_Inuit
914,1978,783,Refugee_Claimant,2011,Female,Black
915,1979,229,Refugee,2020,Female,Indigenous_Metis
916,1966,339,Refugee_Claimant,2015,Male,Black
917,1954,517,Citizen_BornInCanada,2011,Male,None
918,1957,492,Citizen_BornInCanada,2019,Male,None
919,1996,134,Refugee_Claimant,2011,Other,Visible_Minority
920,2000,943,Refugee,2017,Female,Indigenous_Metis
921,1961,471,Citizen_BornInCanada,2021,Male,None
922,1974,848,Student_Visa,2010,Male,Indigenous_FirstNations
923,2005,880,Refugee_Claimant,2009,Transgender,Visible_Minority
924,1977,676,Refugee_Claimant,2006,Male,Visible_Minority
925,1985,226,Refugee_Claimant,2011,Female,Visible_Minority
926,1992,535,Refugee_Claimant,2014,Female,Visible_Minority
927,1953,245,Refugee_Claimant,2019,Female,Visible_Minority
928,1987,35,Permanent_Resident,2021,Female,Indigenous_Inuit
929,1974,8,Refugee,2016,Male,Indigenous_Metis
930,1970,935,Worker_Visa,2014,Non-Binary,Indigenous_FirstNations
931,1951,689,Citizen_BornInCanada,2022,Male,None
932,1966,345,Worker_Visa,2010,Female,Indigenous_FirstNations
933,1975,59,Refugee_Claimant,2012,Female,Visible_Minority
934,1991,312,Worker_Visa,2018,Male,Indigenous_FirstNations
935,1956,22,Refugee,2016,Female,Indigenous_Metis
936,1968,664,Citizen_BornInCanada,2020,Transgender,None
937,1985,331,Permanent_Resident,2022,Female,Indigenous_Inuit
938,1968,245,Worker_Visa,2020,Other,Indigenous_FirstNations
939,1951,28,Worker_Visa,2014,Male,Indigenous_FirstNations
940,1952,440,Refugee,2018,Transgender,Black
941,1983,760,Refugee_Claimant,2016,Male,Visible_Minority
942,1986,92,Refugee_Claimant,2012,Other,Visible_Minority
943,1972,516,Refugee_Claimant,2012,Female,Visible_Minority
944,2001,474,Worker_Visa,2008,Other,Indigenous_FirstNations
945,1994,497,Permanent_Resident,2022,Female,None
946,1965,798,Refugee_Claimant,2020,Female,Black
947,2001,243,Citizen_BornInCanada,2011,Female,None
948,1969,942,Refugee,2020,Female,Indigenous_Metis
949,1951,777,Worker_Visa,2022,Other,Indigenous_FirstNations
950,1967,876,Citizen_BornInCanada,2008,Transgender,None
951,1976,578,Student_Visa,2011,Male,Veteran
952,2005,667,Worker_Visa,2014,Female,Indigenous_FirstNations
953,1959,325,Refugee_Claimant,2017,Female,Veteran
954,1957,749,Refugee_Claimant,2012,Female,Visible_Minority
955,2004,153,Refugee_Claimant,2014,Male,Visible_Minority
956,2001,515,Refugee_Claimant,2019,Transgender,Visible_Minority
957,1997,120,Refugee,2012,Non-Binary,Black
958,1980,859,Citizen_BornInCanada,2006,Male,None
959,1967,65,Refugee_Claimant,2012,Female,Visible_Minority
960,1976,94,Refugee_Claimant,2009,Male,Visible_Minority
961,1988,526,Refugee_Claimant,2011,Male,Visible_Minority
962,1970,788,Refugee_Claimant,2007,Non-Binary,Visible_Minority
963,1953,369,Citizen_BornInCanada,2022,Male,None
964,2003,80,Worker_Visa,2017,Non-Binary,Indigenous_FirstNations
965,1999,456,Citizen_BornInCanada,2009,Female,None
966,2003,928,Permanent_Resident,2016,Male,Indigenous_Inuit
967,2001,55,Permanent_Resident,2022,Female,None
968,2003,577,Permanent_Resident,2019,Transgender,Indigenous_Inuit
969,1951,865,Citizen_BornInCanada,2020,Non-Binary,None
970,2002,734,Citizen_BornInCanada,2011,Male,None
971,1956,386,Permanent_Resident,2012,Male,Indigenous_Inuit
972,1957,85,Citizen_BornInCanada,2020,Other,None
973,1963,8,Permanent_Resident,2008,Transgender,None
974,1981,646,Permanent_Resident,2014,Male,Indigenous_Inuit
975,1957,957,Refugee_Claimant,2008,Non-Binary,Visible_Minority
976,1962,383,Refugee,2007,Female,Indigenous_Metis
977,1956,665,Citizen_BornInCanada,2022,Male,None
978,1951,381,Refugee_Claimant,2014,Other,Visible_Minority
979,1966,214,Refugee,2015,Female,Black
980,1997,150,Citizen_BornInCanada,2011,Female,None
981,1980,140,Refugee,2020,Male,Black
982,1983,104,Permanent_Resident,2020,Female,Indigenous_Inuit
983,1981,492,Permanent_Resident,2015,Other,Indigenous_Inuit
984,1954,837,Permanent_Resident,2011,Female,Indigenous_Inuit
985,1977,261,Citizen_BornInCanada,2006,Female,None
986,1999,929,Citizen_BornInCanada,2021,Male,None
987,1980,423,Citizen_BornInCanada,2009,Male,None
988,1980,683,Citizen_BornInCanada,2010,Male,None
989,1957,168,Permanent_Resident,2019,Female,Indigenous_Inuit
990,2000,194,Refugee_Claimant,2017,Female,Visible_Minority
991,1961,635,Refugee,2021,Male,Black
992,2005,102,Citizen_BornInCanada,2009,Female,None
993,1982,291,Citizen_BornInCanada,2015,Female,None
994,1985,800,Citizen_BornInCanada,2011,Male,None
995,1992,427,Refugee_Claimant,2014,Female,Visible_Minority
996,1987,880,Worker_Visa,2021,Other,Indigenous_FirstNations
997,1951,537,Refugee,2022,Male,Black
998,1974,348,Refugee_Claimant,2016,Female,Visible_Minority
999,1954,490,Worker_Visa,2018,Other,Indigenous_FirstNations
1000,1979,362,Worker_Visa,2015,Female,Indigenous_FirstNations
